CREATE DATABASE  IF NOT EXISTS `shopdb` /*!40100 DEFAULT CHARACTER SET utf8mb4 COLLATE utf8mb4_0900_ai_ci */ /*!80016 DEFAULT ENCRYPTION='N' */;
USE `shopdb`;
-- MySQL dump 10.13  Distrib 8.0.42, for Win64 (x86_64)
--
-- Host: localhost    Database: shopdb
-- ------------------------------------------------------
-- Server version	9.3.0

/*!40101 SET @OLD_CHARACTER_SET_CLIENT=@@CHARACTER_SET_CLIENT */;
/*!40101 SET @OLD_CHARACTER_SET_RESULTS=@@CHARACTER_SET_RESULTS */;
/*!40101 SET @OLD_COLLATION_CONNECTION=@@COLLATION_CONNECTION */;
/*!50503 SET NAMES utf8 */;
/*!40103 SET @OLD_TIME_ZONE=@@TIME_ZONE */;
/*!40103 SET TIME_ZONE='+00:00' */;
/*!40014 SET @OLD_UNIQUE_CHECKS=@@UNIQUE_CHECKS, UNIQUE_CHECKS=0 */;
/*!40014 SET @OLD_FOREIGN_KEY_CHECKS=@@FOREIGN_KEY_CHECKS, FOREIGN_KEY_CHECKS=0 */;
/*!40101 SET @OLD_SQL_MODE=@@SQL_MODE, SQL_MODE='NO_AUTO_VALUE_ON_ZERO' */;
/*!40111 SET @OLD_SQL_NOTES=@@SQL_NOTES, SQL_NOTES=0 */;

--
-- Table structure for table `addresses`
--

DROP TABLE IF EXISTS `addresses`;
/*!40101 SET @saved_cs_client     = @@character_set_client */;
/*!50503 SET character_set_client = utf8mb4 */;
CREATE TABLE `addresses` (
  `address_id` int NOT NULL AUTO_INCREMENT,
  `user_id` int NOT NULL,
  `recipient_name` varchar(100) NOT NULL,
  `phone` varchar(20) NOT NULL,
  `detail_address` varchar(255) NOT NULL,
  `is_default` tinyint(1) DEFAULT '0',
  PRIMARY KEY (`address_id`),
  KEY `user_id` (`user_id`),
  CONSTRAINT `addresses_ibfk_1` FOREIGN KEY (`user_id`) REFERENCES `users` (`user_id`)
) ENGINE=InnoDB DEFAULT CHARSET=utf8mb4 COLLATE=utf8mb4_0900_ai_ci;
/*!40101 SET character_set_client = @saved_cs_client */;

--
-- Dumping data for table `addresses`
--

LOCK TABLES `addresses` WRITE;
/*!40000 ALTER TABLE `addresses` DISABLE KEYS */;
/*!40000 ALTER TABLE `addresses` ENABLE KEYS */;
UNLOCK TABLES;

--
-- Table structure for table `appliedvouchers`
--

DROP TABLE IF EXISTS `appliedvouchers`;
/*!40101 SET @saved_cs_client     = @@character_set_client */;
/*!50503 SET character_set_client = utf8mb4 */;
CREATE TABLE `appliedvouchers` (
  `applied_id` int NOT NULL AUTO_INCREMENT,
  `category_id` int NOT NULL,
  `voucher_id` int NOT NULL,
  PRIMARY KEY (`applied_id`),
  KEY `category_id` (`category_id`),
  KEY `voucher_id` (`voucher_id`),
  CONSTRAINT `appliedvouchers_ibfk_1` FOREIGN KEY (`category_id`) REFERENCES `categories` (`category_id`),
  CONSTRAINT `appliedvouchers_ibfk_2` FOREIGN KEY (`voucher_id`) REFERENCES `vouchers` (`voucher_id`)
) ENGINE=InnoDB AUTO_INCREMENT=89 DEFAULT CHARSET=utf8mb4 COLLATE=utf8mb4_0900_ai_ci;
/*!40101 SET character_set_client = @saved_cs_client */;

--
-- Dumping data for table `appliedvouchers`
--

LOCK TABLES `appliedvouchers` WRITE;
/*!40000 ALTER TABLE `appliedvouchers` DISABLE KEYS */;
INSERT INTO `appliedvouchers` VALUES (1,1,1),(2,1,2),(3,1,5),(4,2,4),(5,2,1),(6,2,2),(7,3,7),(8,3,8),(9,3,11),(10,3,12),(11,4,10),(12,4,9),(13,4,12),(14,5,13),(15,5,14),(16,5,15),(17,6,16),(18,6,17),(19,6,18),(20,6,19),(21,7,2),(22,7,14),(23,7,13),(24,8,2),(25,8,14),(26,8,13),(27,9,2),(28,9,14),(29,9,13),(30,10,2),(31,10,14),(32,10,13),(33,11,2),(34,11,13),(35,11,15),(36,12,2),(37,12,13),(38,12,20),(39,13,2),(40,13,13),(41,13,15),(42,14,13),(43,14,15),(44,14,16),(45,15,2),(46,15,14),(47,15,13),(48,16,2),(49,16,14),(50,16,13),(51,17,2),(52,17,14),(53,17,13),(54,18,2),(55,18,13),(56,18,15),(57,19,2),(58,19,13),(59,19,20),(60,20,13),(61,20,15),(62,20,12),(63,21,2),(64,21,13),(65,21,15),(66,22,13),(67,22,15),(68,22,16),(69,23,2),(70,23,13),(71,23,20),(72,24,2),(73,24,13),(74,24,15),(75,25,2),(76,25,13),(77,25,15),(78,26,2),(79,26,14),(80,26,13),(81,27,13),(82,27,15),(83,27,1),(84,28,13),(85,28,15),(86,28,1),(87,29,13),(88,29,15);
/*!40000 ALTER TABLE `appliedvouchers` ENABLE KEYS */;
UNLOCK TABLES;

--
-- Table structure for table `carts`
--

DROP TABLE IF EXISTS `carts`;
/*!40101 SET @saved_cs_client     = @@character_set_client */;
/*!50503 SET character_set_client = utf8mb4 */;
CREATE TABLE `carts` (
  `cart_id` int NOT NULL AUTO_INCREMENT,
  `user_id` int NOT NULL,
  PRIMARY KEY (`cart_id`),
  KEY `user_id` (`user_id`),
  CONSTRAINT `carts_ibfk_1` FOREIGN KEY (`user_id`) REFERENCES `users` (`user_id`)
) ENGINE=InnoDB DEFAULT CHARSET=utf8mb4 COLLATE=utf8mb4_0900_ai_ci;
/*!40101 SET character_set_client = @saved_cs_client */;

--
-- Dumping data for table `carts`
--

LOCK TABLES `carts` WRITE;
/*!40000 ALTER TABLE `carts` DISABLE KEYS */;
/*!40000 ALTER TABLE `carts` ENABLE KEYS */;
UNLOCK TABLES;

--
-- Table structure for table `categories`
--

DROP TABLE IF EXISTS `categories`;
/*!40101 SET @saved_cs_client     = @@character_set_client */;
/*!50503 SET character_set_client = utf8mb4 */;
CREATE TABLE `categories` (
  `category_id` int NOT NULL AUTO_INCREMENT,
  `category_name` varchar(100) NOT NULL,
  `parent_id` int DEFAULT NULL,
  `category_url` varchar(255) DEFAULT NULL,
  PRIMARY KEY (`category_id`),
  KEY `parent_id` (`parent_id`),
  CONSTRAINT `categories_ibfk_1` FOREIGN KEY (`parent_id`) REFERENCES `categories` (`category_id`)
) ENGINE=InnoDB AUTO_INCREMENT=30 DEFAULT CHARSET=utf8mb4 COLLATE=utf8mb4_0900_ai_ci;
/*!40101 SET character_set_client = @saved_cs_client */;

--
-- Dumping data for table `categories`
--

LOCK TABLES `categories` WRITE;
/*!40000 ALTER TABLE `categories` DISABLE KEYS */;
INSERT INTO `categories` VALUES (1,'Điện thoại',NULL,'image/categories/1.jpg'),(2,'Laptop',NULL,'image/categories/2.jpg'),(3,'Thời trang',NULL,'image/categories/3.jpg'),(4,'Mỹ phẩm',NULL,'image/categories/4.jpg'),(5,'Gia dụng',NULL,'image/categories/5.jpg'),(6,'Sách',NULL,'image/categories/6.jpg'),(7,'Điện thoại di động',NULL,'image/categories/7.jpg'),(8,'Phụ kiện điện thoại',NULL,'image/categories/8.jpg'),(9,'Laptop văn phòng',NULL,'image/categories/9.jpg'),(10,'Laptop gaming',NULL,'image/categories/10.jpg'),(11,'Thời trang nam',NULL,'image/categories/11.jpg'),(12,'Chăm sóc da mặt',NULL,'image/categories/12.jpg'),(13,'Đồ dùng nhà bếp',NULL,'image/categories/13.jpg'),(14,'Tiểu thuyết',NULL,'image/categories/14.jpg'),(15,'Máy tính bảng',NULL,'image/categories/15.jpg'),(16,'Thiết bị âm thanh',NULL,'image/categories/16.jpg'),(17,'Linh kiện máy tính',NULL,'image/categories/17.jpg'),(18,'Thời trang trẻ em',NULL,'image/categories/18.jpg'),(19,'Trang điểm',NULL,'image/categories/19.jpg'),(20,'Dụng cụ vệ sinh',NULL,'image/categories/20.jpg'),(21,'Đồ nội thất',NULL,'image/categories/21.jpg'),(22,'Sách kinh tế',NULL,'image/categories/22.jpg'),(23,'Sức khỏe & Làm đẹp',NULL,'image/categories/23.jpg'),(24,'Đồ chơi',NULL,'image/categories/24.jpg'),(25,'Thể thao',NULL,'image/categories/25.jpg'),(26,'Ô tô & Xe máy',NULL,'image/categories/26.jpg'),(27,'Văn phòng phẩm',NULL,'image/categories/27.jpg'),(28,'Thực phẩm',NULL,'image/categories/28.jpg'),(29,'Đồ uống',NULL,'image/categories/29.jpg');
/*!40000 ALTER TABLE `categories` ENABLE KEYS */;
UNLOCK TABLES;

--
-- Table structure for table `conversations`
--

DROP TABLE IF EXISTS `conversations`;
/*!40101 SET @saved_cs_client     = @@character_set_client */;
/*!50503 SET character_set_client = utf8mb4 */;
CREATE TABLE `conversations` (
  `conversation_id` int NOT NULL AUTO_INCREMENT,
  `buyer_id` int NOT NULL,
  `seller_id` int NOT NULL,
  `started_at` timestamp NULL DEFAULT CURRENT_TIMESTAMP,
  PRIMARY KEY (`conversation_id`),
  KEY `buyer_id` (`buyer_id`),
  KEY `seller_id` (`seller_id`),
  CONSTRAINT `conversations_ibfk_1` FOREIGN KEY (`buyer_id`) REFERENCES `users` (`user_id`),
  CONSTRAINT `conversations_ibfk_2` FOREIGN KEY (`seller_id`) REFERENCES `users` (`user_id`)
) ENGINE=InnoDB DEFAULT CHARSET=utf8mb4 COLLATE=utf8mb4_0900_ai_ci;
/*!40101 SET character_set_client = @saved_cs_client */;

--
-- Dumping data for table `conversations`
--

LOCK TABLES `conversations` WRITE;
/*!40000 ALTER TABLE `conversations` DISABLE KEYS */;
/*!40000 ALTER TABLE `conversations` ENABLE KEYS */;
UNLOCK TABLES;

--
-- Table structure for table `historys`
--

DROP TABLE IF EXISTS `historys`;
/*!40101 SET @saved_cs_client     = @@character_set_client */;
/*!50503 SET character_set_client = utf8mb4 */;
CREATE TABLE `historys` (
  `history_id` int NOT NULL AUTO_INCREMENT,
  `user_id` int NOT NULL,
  `order_id` int NOT NULL,
  PRIMARY KEY (`history_id`),
  KEY `user_id` (`user_id`),
  KEY `order_id` (`order_id`),
  CONSTRAINT `historys_ibfk_1` FOREIGN KEY (`user_id`) REFERENCES `users` (`user_id`),
  CONSTRAINT `historys_ibfk_2` FOREIGN KEY (`order_id`) REFERENCES `orders` (`order_id`)
) ENGINE=InnoDB DEFAULT CHARSET=utf8mb4 COLLATE=utf8mb4_0900_ai_ci;
/*!40101 SET character_set_client = @saved_cs_client */;

--
-- Dumping data for table `historys`
--

LOCK TABLES `historys` WRITE;
/*!40000 ALTER TABLE `historys` DISABLE KEYS */;
/*!40000 ALTER TABLE `historys` ENABLE KEYS */;
UNLOCK TABLES;

--
-- Table structure for table `messages`
--

DROP TABLE IF EXISTS `messages`;
/*!40101 SET @saved_cs_client     = @@character_set_client */;
/*!50503 SET character_set_client = utf8mb4 */;
CREATE TABLE `messages` (
  `message_id` int NOT NULL AUTO_INCREMENT,
  `conversation_id` int NOT NULL,
  `sender_id` int NOT NULL,
  `mess_text` text,
  `message_time` timestamp NULL DEFAULT CURRENT_TIMESTAMP,
  `is_read` tinyint(1) DEFAULT '0',
  PRIMARY KEY (`message_id`),
  KEY `conversation_id` (`conversation_id`),
  KEY `sender_id` (`sender_id`),
  CONSTRAINT `messages_ibfk_1` FOREIGN KEY (`conversation_id`) REFERENCES `conversations` (`conversation_id`),
  CONSTRAINT `messages_ibfk_2` FOREIGN KEY (`sender_id`) REFERENCES `users` (`user_id`)
) ENGINE=InnoDB DEFAULT CHARSET=utf8mb4 COLLATE=utf8mb4_0900_ai_ci;
/*!40101 SET character_set_client = @saved_cs_client */;

--
-- Dumping data for table `messages`
--

LOCK TABLES `messages` WRITE;
/*!40000 ALTER TABLE `messages` DISABLE KEYS */;
/*!40000 ALTER TABLE `messages` ENABLE KEYS */;
UNLOCK TABLES;

--
-- Table structure for table `orders`
--

DROP TABLE IF EXISTS `orders`;
/*!40101 SET @saved_cs_client     = @@character_set_client */;
/*!50503 SET character_set_client = utf8mb4 */;
CREATE TABLE `orders` (
  `order_id` int NOT NULL AUTO_INCREMENT,
  `user_id` int NOT NULL,
  `address_id` int NOT NULL,
  `total_amount` decimal(10,2) NOT NULL,
  PRIMARY KEY (`order_id`),
  KEY `user_id` (`user_id`),
  KEY `address_id` (`address_id`),
  CONSTRAINT `orders_ibfk_1` FOREIGN KEY (`user_id`) REFERENCES `users` (`user_id`),
  CONSTRAINT `orders_ibfk_2` FOREIGN KEY (`address_id`) REFERENCES `addresses` (`address_id`)
) ENGINE=InnoDB DEFAULT CHARSET=utf8mb4 COLLATE=utf8mb4_0900_ai_ci;
/*!40101 SET character_set_client = @saved_cs_client */;

--
-- Dumping data for table `orders`
--

LOCK TABLES `orders` WRITE;
/*!40000 ALTER TABLE `orders` DISABLE KEYS */;
/*!40000 ALTER TABLE `orders` ENABLE KEYS */;
UNLOCK TABLES;

--
-- Table structure for table `payments`
--

DROP TABLE IF EXISTS `payments`;
/*!40101 SET @saved_cs_client     = @@character_set_client */;
/*!50503 SET character_set_client = utf8mb4 */;
CREATE TABLE `payments` (
  `payment_id` int NOT NULL AUTO_INCREMENT,
  `order_id` int NOT NULL,
  `payment_method` enum('COD','CreditCard','BankTransfer') NOT NULL,
  `payment_status` enum('Pending','Completed','Failed') DEFAULT 'Pending',
  `payment_time` datetime DEFAULT CURRENT_TIMESTAMP,
  `amount` decimal(10,2) NOT NULL,
  PRIMARY KEY (`payment_id`),
  KEY `order_id` (`order_id`),
  CONSTRAINT `payments_ibfk_1` FOREIGN KEY (`order_id`) REFERENCES `orders` (`order_id`)
) ENGINE=InnoDB DEFAULT CHARSET=utf8mb4 COLLATE=utf8mb4_0900_ai_ci;
/*!40101 SET character_set_client = @saved_cs_client */;

--
-- Dumping data for table `payments`
--

LOCK TABLES `payments` WRITE;
/*!40000 ALTER TABLE `payments` DISABLE KEYS */;
/*!40000 ALTER TABLE `payments` ENABLE KEYS */;
UNLOCK TABLES;

--
-- Table structure for table `productreviews`
--

DROP TABLE IF EXISTS `productreviews`;
/*!40101 SET @saved_cs_client     = @@character_set_client */;
/*!50503 SET character_set_client = utf8mb4 */;
CREATE TABLE `productreviews` (
  `review_id` int NOT NULL AUTO_INCREMENT,
  `product_id` int NOT NULL,
  `user_id` int NOT NULL,
  `rating` int DEFAULT NULL,
  `review_text` text,
  `review_date` timestamp NULL DEFAULT CURRENT_TIMESTAMP,
  PRIMARY KEY (`review_id`),
  KEY `product_id` (`product_id`),
  KEY `user_id` (`user_id`),
  CONSTRAINT `productreviews_ibfk_1` FOREIGN KEY (`product_id`) REFERENCES `products` (`product_id`),
  CONSTRAINT `productreviews_ibfk_2` FOREIGN KEY (`user_id`) REFERENCES `users` (`user_id`),
  CONSTRAINT `productreviews_chk_1` CHECK (((`rating` >= 1) and (`rating` <= 5)))
) ENGINE=InnoDB AUTO_INCREMENT=972 DEFAULT CHARSET=utf8mb4 COLLATE=utf8mb4_0900_ai_ci;
/*!40101 SET character_set_client = @saved_cs_client */;

--
-- Dumping data for table `productreviews`
--

LOCK TABLES `productreviews` WRITE;
/*!40000 ALTER TABLE `productreviews` DISABLE KEYS */;
INSERT INTO `productreviews` VALUES (1,1,1,5,'Sản phẩm tuyệt vời, camera đẹp, pin trâu.','2025-05-14 14:57:17'),(2,1,2,4,'Máy dùng ổn, nhưng giá hơi cao.','2025-05-14 14:57:17'),(3,1,3,5,'Rất hài lòng với sản phẩm và dịch vụ của shop.','2025-05-14 14:57:17'),(4,1,1,4,'Thiết kế đẹp, hiệu năng mạnh mẽ.','2025-05-14 14:57:17'),(5,1,2,5,'Đây là chiếc điện thoại tốt nhất tôi từng dùng.','2025-05-14 14:57:17'),(6,1,3,3,'Máy có vài lỗi nhỏ, nhưng không ảnh hưởng nhiều.','2025-05-14 14:57:17'),(7,2,1,5,'Sản phẩm rất tốt, camera zoom đỉnh.','2025-05-14 14:57:17'),(8,2,2,4,'Máy mượt, pin khỏe, thiết kế đẹp.','2025-05-14 14:57:17'),(9,2,3,5,'Tôi rất thích chiếc điện thoại này.','2025-05-14 14:57:17'),(10,2,1,4,'Màn hình đẹp, hiệu năng ổn định.','2025-05-14 14:57:17'),(11,2,2,5,'Camera chụp ảnh quá đẹp.','2025-05-14 14:57:17'),(12,2,3,3,'Giá hơi cao so với các đối thủ.','2025-05-14 14:57:17'),(13,3,1,4,'Máy tốt trong tầm giá, pin trâu.','2025-05-14 14:57:17'),(14,3,2,3,'Camera chấp nhận được, màn hình đẹp.','2025-05-14 14:57:17'),(15,3,3,4,'Hiệu năng ổn, chơi game tốt.','2025-05-14 14:57:17'),(16,3,1,3,'Thiết kế đẹp, nhưng hơi bám vân tay.','2025-05-14 14:57:17'),(17,3,2,4,'Giá rẻ, đáng mua.','2025-05-14 14:57:17'),(18,4,1,5,'Máy đẹp, chip M2 mạnh mẽ, màn hình xuất sắc.','2025-05-14 14:57:17'),(19,4,2,5,'Hiệu năng vượt trội, thời lượng pin dài.','2025-05-14 14:57:17'),(20,4,3,4,'Thiết kế sang trọng, bàn phím gõ êm.','2025-05-14 14:57:17'),(21,4,1,5,'Đây là chiếc máy tính tốt nhất tôi từng dùng.','2025-05-14 14:57:17'),(22,4,2,4,'Giá cao nhưng đáng đồng tiền.','2025-05-14 14:57:17'),(23,5,1,4,'Máy đẹp, màn hình 4K sắc nét, hiệu năng tốt.','2025-05-14 14:57:17'),(24,5,2,3,'Thiết kế mỏng nhẹ, dễ mang theo.','2025-05-14 14:57:17'),(25,5,3,4,'Cấu hình mạnh mẽ, phù hợp cho công việc và giải trí.','2025-05-14 14:57:17'),(26,5,1,4,'Màn hình đẹp, màu sắc sống động.','2025-05-14 14:57:17'),(27,5,2,3,'Giá hơi cao, tản nhiệt chưa tốt.','2025-05-14 14:57:17'),(28,6,1,4,'Máy chơi game tốt, tản nhiệt ổn định.','2025-05-14 14:57:17'),(29,6,2,4,'Thiết kế hầm hố, bàn phím RGB đẹp.','2025-05-14 14:57:17'),(30,6,3,3,'Hiệu năng khá, giá tốt.','2025-05-14 14:57:17'),(31,6,1,4,'Màn hình 144Hz mượt mà.','2025-05-14 14:57:17'),(32,6,2,3,'Loa chưa hay lắm.','2025-05-14 14:57:17'),(33,7,1,5,'Áo chất lượng tốt, mặc thoải mái.','2025-05-14 14:57:17'),(34,7,2,4,'Giá cả hợp lý, nhiều màu sắc để lựa chọn.','2025-05-14 14:57:17'),(35,7,3,5,'Tôi rất thích áo của Uniqlo.','2025-05-14 14:57:17'),(36,8,1,4,'Quần jeans đẹp, chất liệu tốt.','2025-05-14 14:57:17'),(37,8,2,3,'Dáng quần ôm vừa vặn, màu sắc đẹp.','2025-05-14 14:57:17'),(38,8,3,4,'Tôi hài lòng với sản phẩm này.','2025-05-14 14:57:17'),(39,9,1,4,'Áo khoác đẹp, chất liệu chống nước tốt.','2025-05-14 14:57:17'),(40,9,2,3,'Nhiều ngăn tiện lợi, màu sắc đẹp.','2025-05-14 14:57:17'),(41,9,3,4,'Tôi thích chiếc áo này.','2025-05-14 14:57:17'),(42,10,1,5,'Màu son đẹp, lì, lâu trôi.','2025-05-14 14:57:17'),(43,10,2,4,'Chất son mịn, không gây khô môi.','2025-05-14 14:57:17'),(44,10,3,5,'Tôi rất thích màu son này.','2025-05-14 14:57:17'),(45,11,1,5,'Kem chống nắng tốt, không gây nhờn dính.','2025-05-14 14:57:17'),(46,11,2,4,'Chống nắng hiệu quả, không kích ứng da.','2025-05-14 14:57:17'),(47,11,3,5,'Tôi tin dùng sản phẩm này.','2025-05-14 14:57:17'),(48,12,1,4,'Nước hoa hồng dịu nhẹ, dưỡng ẩm tốt.','2025-05-14 14:57:17'),(49,12,2,3,'Mùi thơm dễ chịu, thấm nhanh.','2025-05-14 14:57:17'),(50,12,3,4,'Tôi thấy da sáng hơn sau khi dùng.','2025-05-14 14:57:17'),(51,13,1,5,'Nồi chiên không dầu tiện lợi, nấu ăn nhanh.','2025-05-14 14:57:17'),(52,13,2,4,'Dễ vệ sinh, ít dầu mỡ.','2025-05-14 14:57:17'),(53,13,3,5,'Tôi rất thích nồi chiên này.','2025-05-14 14:57:17'),(54,14,1,4,'Máy xay sinh tố mạnh mẽ, xay nhuyễn.','2025-05-14 14:57:17'),(55,14,2,3,'Dễ sử dụng, dễ vệ sinh.','2025-05-14 14:57:17'),(56,14,3,4,'Tôi hài lòng với sản phẩm này.','2025-05-14 14:57:17'),(57,15,1,5,'Bộ nồi inox 3 lớp chất lượng tốt.','2025-05-14 14:57:17'),(58,15,2,4,'Chống dính, nấu ăn ngon.','2025-05-14 14:57:17'),(59,15,3,5,'Tôi rất thích bộ nồi này.','2025-05-14 14:57:17'),(60,16,1,4,'Sách hay, ý nghĩa.','2025-05-14 14:57:17'),(61,16,2,3,'Nội dung hấp dẫn, dễ đọc.','2025-05-14 14:57:17'),(62,16,3,4,'Tôi học được nhiều điều từ cuốn sách này.','2025-05-14 14:57:17'),(63,17,1,5,'Tiểu thuyết kinh điển, đáng đọc.','2025-05-14 14:57:17'),(64,17,2,4,'Cốt truyện hay, nhân vật ấn tượng.','2025-05-14 14:57:17'),(65,17,3,5,'Tôi rất thích cuốn sách này.','2025-05-14 14:57:17'),(66,18,1,4,'Sách về tâm lý học hay, hữu ích.','2025-05-14 14:57:17'),(67,18,2,3,'Nội dung sâu sắc, có tính ứng dụng cao.','2025-05-14 14:57:17'),(68,18,3,4,'Tôi thấy mình hiểu rõ hơn về bản thân sau khi đọc.','2025-05-14 14:57:17'),(69,19,1,5,'Sách truyền cảm hứng, động lực.','2025-05-14 14:57:17'),(70,19,2,4,'Bài viết hay, dễ đọc.','2025-05-14 14:57:17'),(71,19,3,5,'Tôi rất thích cuốn sách này.','2025-05-14 14:57:17'),(72,20,1,4,'Sản phẩm tốt, đáng mua.','2025-05-20 03:13:14'),(73,20,2,5,'Tôi rất hài lòng với sản phẩm này.','2025-05-20 03:13:14'),(74,20,3,3,'Chất lượng ổn, giá hơi cao.','2025-05-20 03:13:14'),(75,20,4,4,'Dùng khá tốt, không có vấn đề gì.','2025-05-20 03:13:14'),(76,20,5,5,'Tuyệt vời! Sẽ ủng hộ shop tiếp.','2025-05-20 03:13:14'),(77,21,1,5,'Rất thích sản phẩm, giao hàng nhanh.','2025-05-20 03:13:14'),(78,21,2,4,'Sản phẩm đúng như mô tả.','2025-05-20 03:13:14'),(79,21,3,4,'Dùng ổn, nhưng cần cải thiện thêm.','2025-05-20 03:13:14'),(80,21,4,3,'Không tệ, nhưng chưa thực sự ấn tượng.','2025-05-20 03:13:14'),(81,21,5,5,'Đây là sản phẩm tôi tìm kiếm bấy lâu.','2025-05-20 03:13:14'),(82,22,1,3,'Sản phẩm bình thường, không có gì đặc biệt.','2025-05-20 03:13:14'),(83,22,2,4,'Dùng tạm được, giá hợp lý.','2025-05-20 03:13:14'),(84,22,3,5,'Chất lượng tốt hơn mong đợi.','2025-05-20 03:13:14'),(85,22,4,4,'Khá hài lòng với sản phẩm.','2025-05-20 03:13:14'),(86,22,5,3,'Có lẽ tôi nên chọn sản phẩm khác.','2025-05-20 03:13:14'),(87,23,1,5,'Sản phẩm quá tốt, không có gì để chê.','2025-05-20 03:13:14'),(88,23,2,4,'Dùng rất thích, sẽ giới thiệu cho bạn bè.','2025-05-20 03:13:14'),(89,23,3,5,'Shop phục vụ nhiệt tình, sản phẩm chất lượng.','2025-05-20 03:13:14'),(90,23,4,4,'Mọi thứ đều ổn, cảm ơn shop.','2025-05-20 03:13:14'),(91,23,5,3,'Sản phẩm không như quảng cáo.','2025-05-20 03:13:14'),(92,24,1,4,'Sản phẩm dùng được, nhưng chưa xuất sắc.','2025-05-20 03:13:14'),(93,24,2,3,'Tôi không thực sự thích sản phẩm này.','2025-05-20 03:13:14'),(94,24,3,5,'Sản phẩm tuyệt vời, đáng đồng tiền bát gạo.','2025-05-20 03:13:14'),(95,24,4,4,'Dùng khá ổn, không có lỗi gì.','2025-05-20 03:13:14'),(96,24,5,5,'Tôi rất ưng ý với sản phẩm này.','2025-05-20 03:13:14'),(97,25,1,5,'Đây là sản phẩm tốt nhất tôi từng mua.','2025-05-20 03:13:14'),(98,25,2,4,'Sản phẩm chất lượng, giao hàng nhanh chóng.','2025-05-20 03:13:14'),(99,25,3,3,'Tôi thấy sản phẩm này không phù hợp với mình.','2025-05-20 03:13:14'),(100,25,4,4,'Dùng tốt, nhưng cần thêm tính năng.','2025-05-20 03:13:14'),(101,25,5,5,'Hoàn toàn hài lòng, cảm ơn shop.','2025-05-20 03:13:14'),(102,26,1,3,'Sản phẩm không được như mong đợi.','2025-05-20 03:13:14'),(103,26,2,4,'Dùng tạm ổn, không có gì nổi bật.','2025-05-20 03:13:14'),(104,26,3,5,'Sản phẩm rất tốt, tôi sẽ mua lại.','2025-05-20 03:13:14'),(105,26,4,4,'Khá hài lòng với chất lượng sản phẩm.','2025-05-20 03:13:14'),(106,26,5,3,'Tôi thất vọng về sản phẩm này.','2025-05-20 03:13:14'),(107,27,1,5,'Sản phẩm trên cả tuyệt vời!','2025-05-20 03:13:14'),(108,27,2,4,'Dùng rất thích, thiết kế đẹp.','2025-05-20 03:13:14'),(109,27,3,4,'Chất lượng tốt, giá cả phải chăng.','2025-05-20 03:13:14'),(110,27,4,5,'Tôi hoàn toàn hài lòng với sản phẩm.','2025-05-20 03:13:14'),(111,27,5,3,'Sản phẩm có vẻ không bền.','2025-05-20 03:13:14'),(112,28,1,4,'Sản phẩm ổn, nhưng cần cải tiến thêm.','2025-05-20 03:13:14'),(113,28,2,3,'Tôi không thích sản phẩm này lắm.','2025-05-20 03:13:14'),(114,28,3,5,'Sản phẩm quá tốt, tôi rất ưng ý.','2025-05-20 03:13:14'),(115,28,4,4,'Dùng khá tốt, không có vấn đề gì lớn.','2025-05-20 03:13:14'),(116,28,5,5,'Tôi sẽ giới thiệu sản phẩm này cho mọi người.','2025-05-20 03:13:14'),(117,29,1,5,'Đây là sản phẩm mà tôi luôn tìm kiếm.','2025-05-20 03:13:14'),(118,29,2,4,'Sản phẩm tốt, đáng để mua.','2025-05-20 03:13:14'),(119,29,3,3,'Tôi thấy sản phẩm này không đáng giá.','2025-05-20 03:13:14'),(120,29,4,4,'Dùng ổn, nhưng không có gì đặc biệt.','2025-05-20 03:13:14'),(121,29,5,5,'Tôi rất hài lòng với sản phẩm và dịch vụ.','2025-05-20 03:13:14'),(122,30,1,4,'Sản phẩm dùng được, không có gì nổi bật.','2025-05-20 03:13:14'),(123,30,2,5,'Tôi rất thích sản phẩm này, cảm ơn shop.','2025-05-20 03:13:14'),(124,30,3,3,'Chất lượng sản phẩm không tốt như quảng cáo.','2025-05-20 03:13:14'),(125,30,4,4,'Khá ổn, nhưng cần xem xét lại giá.','2025-05-20 03:13:14'),(126,30,5,5,'Sản phẩm tuyệt vời, tôi sẽ ủng hộ lâu dài.','2025-05-20 03:13:14'),(127,31,1,5,'Rất hài lòng về sản phẩm và shop.','2025-05-20 03:13:14'),(128,31,2,4,'Sản phẩm tốt, giao hàng nhanh chóng.','2025-05-20 03:13:14'),(129,31,3,3,'Tôi không thích thiết kế của sản phẩm này.','2025-05-20 03:13:14'),(130,31,4,4,'Dùng tốt, nhưng màu sắc không như hình.','2025-05-20 03:13:14'),(131,31,5,5,'Đây là một sản phẩm tuyệt vời!','2025-05-20 03:13:14'),(132,32,1,3,'Sản phẩm không đáp ứng được mong đợi của tôi.','2025-05-20 03:13:14'),(133,32,2,4,'Dùng tạm được, nhưng không quá ấn tượng.','2025-05-20 03:13:14'),(134,32,3,5,'Chất lượng sản phẩm rất tốt.','2025-05-20 03:13:14'),(135,32,4,4,'Tôi khá hài lòng với sản phẩm này.','2025-05-20 03:13:14'),(136,32,5,3,'Tôi sẽ không mua lại sản phẩm này.','2025-05-20 03:13:14'),(137,33,1,5,'Sản phẩm quá tuyệt vời, tôi rất thích.','2025-05-20 03:13:14'),(138,33,2,4,'Dùng rất ổn, mọi thứ đều tốt.','2025-05-20 03:13:14'),(139,33,3,5,'Shop phục vụ rất tốt, sản phẩm chất lượng cao.','2025-05-20 03:13:14'),(140,33,4,4,'Cảm ơn shop vì sản phẩm tốt.','2025-05-20 03:13:14'),(141,33,5,3,'Sản phẩm có vẻ không bền.','2025-05-20 03:13:14'),(142,34,1,4,'Sản phẩm dùng được, nhưng hơi đắt.','2025-05-20 03:13:14'),(143,34,2,3,'Tôi không thích chất liệu của sản phẩm này.','2025-05-20 03:13:14'),(144,34,3,5,'Sản phẩm rất tốt, đáng mua.','2025-05-20 03:13:14'),(145,34,4,4,'Dùng khá ổn, không có vấn đề gì.','2025-05-20 03:13:14'),(146,34,5,5,'Tôi rất ưng ý với sản phẩm này!','2025-05-20 03:13:14'),(147,35,1,5,'Đây là sản phẩm tốt nhất mà tôi từng mua.','2025-05-20 03:13:14'),(148,35,2,4,'Sản phẩm chất lượng, đóng gói cẩn thận.','2025-05-20 03:13:14'),(149,35,3,3,'Tôi thấy sản phẩm này không đáng tiền.','2025-05-20 03:13:14'),(150,35,4,4,'Dùng tốt, nhưng cần thêm hướng dẫn sử dụng.','2025-05-20 03:13:14'),(151,35,5,5,'Hoàn toàn hài lòng, cảm ơn shop nhiều.','2025-05-20 03:13:14'),(152,36,1,3,'Sản phẩm không giống như mô tả.','2025-05-20 03:13:14'),(153,36,2,4,'Dùng tạm ổn, nhưng không đặc sắc.','2025-05-20 03:13:14'),(154,36,3,5,'Sản phẩm rất tốt, tôi sẽ ủng hộ shop.','2025-05-20 03:13:14'),(155,36,4,4,'Khá hài lòng với sản phẩm nhận được.','2025-05-20 03:13:14'),(156,36,5,3,'Tôi không hài lòng với sản phẩm này.','2025-05-20 03:13:14'),(157,37,1,5,'Sản phẩm trên cả mong đợi!','2025-05-20 03:13:14'),(158,37,2,4,'Dùng rất thích, màu sắc đẹp.','2025-05-20 03:13:14'),(159,37,3,4,'Chất lượng ổn, giá cả hợp lý.','2025-05-20 03:13:14'),(160,37,4,5,'Tôi hoàn toàn hài lòng về sản phẩm.','2025-05-20 03:13:14'),(161,37,5,3,'Sản phẩm có mùi hơi khó chịu.','2025-05-20 03:13:14'),(162,38,1,4,'Sản phẩm ổn, nhưng giao hàng hơi lâu.','2025-05-20 03:13:14'),(163,38,2,3,'Tôi không thích kiểu dáng của sản phẩm này.','2025-05-20 03:13:14'),(164,38,3,5,'Sản phẩm quá tốt, tôi rất ưng ý!','2025-05-20 03:13:14'),(165,38,4,4,'Dùng khá tốt, không có lỗi gì đáng kể.','2025-05-20 03:13:14'),(166,38,5,5,'Tôi sẽ giới thiệu cho bạn bè và người thân.','2025-05-20 03:13:14'),(167,39,1,5,'Đây chính xác là sản phẩm tôi cần.','2025-05-20 03:13:14'),(168,39,2,4,'Sản phẩm tốt, đáng tiền mua.','2025-05-20 03:13:14'),(169,39,3,3,'Tôi thấy sản phẩm này không hữu ích lắm.','2025-05-20 03:13:14'),(170,39,4,4,'Dùng ổn, nhưng không có gì đặc biệt.','2025-05-20 03:13:14'),(171,39,5,5,'Tôi rất hài lòng với sản phẩm và dịch vụ của shop.','2025-05-20 03:13:14'),(172,40,1,4,'Sản phẩm dùng được, nhưng không ấn tượng.','2025-05-20 03:13:14'),(173,40,2,5,'Tôi rất thích sản phẩm này, cảm ơn shop nhiều.','2025-05-20 03:13:14'),(174,40,3,3,'Chất lượng sản phẩm không tốt như kỳ vọng.','2025-05-20 03:13:14'),(175,40,4,4,'Khá ổn, nhưng cần xem xét lại chất liệu.','2025-05-20 03:13:14'),(176,40,5,5,'Sản phẩm tuyệt vời, tôi sẽ mua thêm.','2025-05-20 03:13:14'),(177,41,1,5,'Rất hài lòng về sản phẩm và sự phục vụ.','2025-05-20 03:13:14'),(178,41,2,4,'Sản phẩm tốt, đóng gói rất kỹ.','2025-05-20 03:13:14'),(179,41,3,3,'Tôi không thích kích thước của sản phẩm này.','2025-05-20 03:13:14'),(180,41,4,4,'Dùng tốt, nhưng giá hơi cao.','2025-05-20 03:13:14'),(181,41,5,5,'Đây là một sản phẩm rất đáng mua!','2025-05-20 03:13:14'),(182,42,1,3,'Sản phẩm không đúng với hình ảnh.','2025-05-20 03:13:14'),(183,42,2,4,'Dùng tạm được, nhưng không bền.','2025-05-20 03:13:14'),(184,42,3,5,'Chất lượng sản phẩm tuyệt vời!','2025-05-20 03:13:14'),(185,42,4,4,'Tôi khá hài lòng với sản phẩm đã nhận.','2025-05-20 03:13:14'),(186,42,5,3,'Tôi sẽ không mua lại từ shop này.','2025-05-20 03:13:14'),(187,43,1,5,'Sản phẩm trên cả mong đợi, tôi rất ưng.','2025-05-20 03:13:14'),(188,43,2,4,'Dùng rất thích, màu sắc rất đẹp.','2025-05-20 03:13:14'),(189,43,3,5,'Shop phục vụ chu đáo, sản phẩm chất lượng.','2025-05-20 03:13:14'),(190,43,4,4,'Cảm ơn shop vì sản phẩm tốt và nhanh chóng.','2025-05-20 03:13:14'),(191,43,5,3,'Sản phẩm có vẻ dễ bị hỏng.','2025-05-20 03:13:14'),(192,44,1,4,'Sản phẩm dùng được, nhưng không quá đặc biệt.','2025-05-20 03:13:14'),(193,44,2,3,'Tôi không thích cách đóng gói sản phẩm.','2025-05-20 03:13:14'),(194,44,3,5,'Sản phẩm rất tốt, tôi sẽ ủng hộ shop dài dài.','2025-05-20 03:13:14'),(195,44,4,4,'Dùng khá ổn, không có vấn đề gì lớn.','2025-05-20 03:13:14'),(196,44,5,5,'Tôi rất ưng ý với sản phẩm này, tuyệt vời!','2025-05-20 03:13:14'),(197,45,1,5,'Đây là sản phẩm tốt nhất tôi từng sở hữu.','2025-05-20 03:13:14'),(198,45,2,4,'Sản phẩm chất lượng, đáng đồng tiền bát gạo.','2025-05-20 03:13:14'),(199,45,3,3,'Tôi thấy sản phẩm này không đáng mua chút nào.','2025-05-20 03:13:14'),(200,45,4,4,'Dùng tốt, nhưng cần cải thiện về mẫu mã.','2025-05-20 03:13:14'),(201,45,5,5,'Hoàn toàn hài lòng, cảm ơn shop rất nhiều.','2025-05-20 03:13:14'),(202,46,1,3,'Sản phẩm không như những gì tôi hình dung.','2025-05-20 03:13:14'),(203,46,2,4,'Dùng tạm ổn, nhưng không có gì đặc sắc.','2025-05-20 03:13:14'),(204,46,3,5,'Sản phẩm rất tốt, tôi chắc chắn sẽ mua lại.','2025-05-20 03:13:14'),(205,46,4,4,'Khá hài lòng với chất lượng sản phẩm và dịch vụ.','2025-05-20 03:13:14'),(206,46,5,3,'Tôi cảm thấy thất vọng về sản phẩm này.','2025-05-20 03:13:14'),(207,47,1,5,'Sản phẩm trên cả tuyệt vời, không thể tin được!','2025-05-20 03:13:14'),(208,47,2,4,'Dùng rất thích, mọi chi tiết đều hoàn hảo.','2025-05-20 03:13:14'),(209,47,3,5,'Chất lượng tuyệt vời, giá cả hợp lý hơn mong đợi.','2025-05-20 03:13:14'),(210,47,4,5,'Tôi hoàn toàn hài lòng và sẽ giới thiệu cho mọi người.','2025-05-20 03:13:14'),(211,47,5,3,'Sản phẩm có vẻ không được bền lâu.','2025-05-20 03:13:14'),(212,48,1,4,'Sản phẩm ổn, nhưng thời gian giao hàng hơi lâu.','2025-05-20 03:13:14'),(213,48,2,3,'Tôi không thích màu sắc của sản phẩm này.','2025-05-20 03:13:14'),(214,48,3,5,'Sản phẩm quá tốt, tôi rất ưng ý! Rất đáng mua.','2025-05-20 03:13:14'),(215,48,4,4,'Dùng khá tốt, không có bất kỳ vấn đề gì.','2025-05-20 03:13:14'),(216,48,5,5,'Tôi sẽ mua lại sản phẩm này trong tương lai.','2025-05-20 03:13:14'),(217,49,1,5,'Đây chính xác là những gì tôi đang tìm kiếm!','2025-05-20 03:13:14'),(218,49,2,4,'Sản phẩm tốt, đáng với số tiền đã bỏ ra.','2025-05-20 03:13:14'),(219,49,3,3,'Tôi thấy sản phẩm này không thực sự cần thiết.','2025-05-20 03:13:14'),(220,49,4,4,'Dùng ổn, nhưng thiếu một vài tính năng nhỏ.','2025-05-20 03:13:14'),(221,49,5,5,'Tôi rất hài lòng với sản phẩm và sự hỗ trợ từ shop.','2025-05-20 03:13:14'),(222,50,1,4,'Sản phẩm dùng được, nhưng không có gì đặc biệt cả.','2025-05-20 03:13:14'),(223,50,2,5,'Tôi rất thích sản phẩm này, cảm ơn shop rất nhiều!','2025-05-20 03:13:14'),(224,50,3,3,'Chất lượng sản phẩm không được như những đánh giá khác.','2025-05-20 03:13:14'),(225,50,4,4,'Khá ổn, nhưng cần xem xét kỹ hơn về chất liệu.','2025-05-20 03:13:14'),(226,50,5,5,'Sản phẩm tuyệt vời, tôi sẽ tiếp tục ủng hộ shop.','2025-05-20 03:13:14'),(227,51,1,5,'Rất hài lòng về sản phẩm và thái độ phục vụ của shop.','2025-05-20 03:13:14'),(228,51,2,4,'Sản phẩm tốt, quá trình giao hàng rất nhanh chóng.','2025-05-20 03:13:14'),(229,51,3,3,'Tôi không thích chất liệu và thiết kế của sản phẩm.','2025-05-20 03:13:14'),(230,51,4,4,'Dùng tốt, nhưng giá có vẻ hơi cao so với thị trường.','2025-05-20 03:13:14'),(231,51,5,5,'Đây là một sản phẩm tuyệt vời, tôi rất khuyến khích!','2025-05-20 03:13:14'),(232,52,1,3,'Sản phẩm không đúng như những gì đã quảng cáo.','2025-05-20 03:13:14'),(233,52,2,4,'Dùng tạm được, nhưng độ bền có vẻ không cao.','2025-05-20 03:13:14'),(234,52,3,5,'Chất lượng sản phẩm thực sự ấn tượng!','2025-05-20 03:13:14'),(235,52,4,4,'Tôi khá hài lòng với sản phẩm mình đã nhận được.','2025-05-20 03:13:14'),(236,52,5,3,'Tôi sẽ cân nhắc kỹ trước khi mua lại sản phẩm này.','2025-05-20 03:13:14'),(237,53,1,5,'Sản phẩm trên cả sự mong đợi, tôi vô cùng hài lòng.','2025-05-20 03:13:14'),(238,53,2,4,'Dùng rất thích, màu sắc và kiểu dáng đều đẹp.','2025-05-20 03:13:14'),(239,53,3,5,'Shop phục vụ rất tận tình, sản phẩm chất lượng tuyệt hảo.','2025-05-20 03:13:14'),(240,53,4,4,'Cảm ơn shop vì sản phẩm tốt và dịch vụ nhanh chóng.','2025-05-20 03:13:14'),(241,53,5,3,'Sản phẩm có vẻ không được chắc chắn lắm.','2025-05-20 03:13:14'),(242,54,1,4,'Sản phẩm dùng được, nhưng không có điểm gì nổi bật.','2025-05-20 03:13:14'),(243,54,2,3,'Tôi không thích cách sản phẩm này hoạt động.','2025-05-20 03:13:14'),(244,54,3,5,'Sản phẩm rất tốt, tôi chắc chắn sẽ mua lại lần nữa.','2025-05-20 03:13:14'),(245,54,4,4,'Dùng khá ổn, không có vấn đề gì đáng lo ngại.','2025-05-20 03:13:14'),(246,54,5,5,'Tôi rất ưng ý với sản phẩm này, cảm ơn shop!','2025-05-20 03:13:14'),(247,55,1,5,'Đây là sản phẩm tốt nhất mà tôi từng mua online.','2025-05-20 03:13:14'),(248,55,2,4,'Sản phẩm chất lượng','2025-05-20 03:13:14'),(249,55,3,3,'Tôi cảm thấy sản phẩm này không đáng với giá tiền.','2025-05-20 03:13:14'),(250,55,4,4,'Dùng tốt, nhưng cần cải thiện thêm về tính năng.','2025-05-20 03:13:14'),(251,55,5,5,'Hoàn toàn hài lòng, cảm ơn shop rất nhiều vì sản phẩm tuyệt vời.','2025-05-20 03:13:14'),(252,56,1,3,'Sản phẩm không giống với hình ảnh quảng cáo.','2025-05-20 03:13:14'),(253,56,2,4,'Dùng tạm ổn, nhưng không có gì đặc sắc để nhớ đến.','2025-05-20 03:13:14'),(254,56,3,5,'Sản phẩm rất tốt, tôi sẽ giới thiệu cho bạn bè và người thân.','2025-05-20 03:13:14'),(255,56,4,4,'Khá hài lòng với sản phẩm mình đã nhận được, đúng mô tả.','2025-05-20 03:13:14'),(256,56,5,3,'Tôi không hài lòng với chất lượng của sản phẩm này.','2025-05-20 03:13:14'),(257,57,1,5,'Sản phẩm trên cả sự mong đợi, tôi rất thích thú khi sử dụng.','2025-05-20 03:13:14'),(258,57,2,4,'Dùng rất thích, màu sắc và chất liệu đều rất tốt.','2025-05-20 03:13:14'),(259,57,3,4,'Chất lượng ổn định, giá cả phải chăng, đáng mua.','2025-05-20 03:13:14'),(260,57,4,5,'Tôi hoàn toàn hài lòng và sẽ tiếp tục ủng hộ shop.','2025-05-20 03:13:14'),(261,57,5,3,'Sản phẩm có vẻ không được thiết kế tỉ mỉ lắm.','2025-05-20 03:13:14'),(262,58,1,4,'Sản phẩm ổn, nhưng thời gian giao hàng cần được cải thiện.','2025-05-20 03:13:14'),(263,58,2,3,'Tôi không thích cách sản phẩm này được đóng gói.','2025-05-20 03:13:14'),(264,58,3,5,'Sản phẩm quá tốt, tôi rất ưng ý! Rất đáng để mua.','2025-05-20 03:13:14'),(265,58,4,4,'Dùng khá tốt, không có bất kỳ vấn đề gì xảy ra.','2025-05-20 03:13:14'),(266,58,5,5,'Tôi sẽ mua lại sản phẩm này nếu có nhu cầu trong tương lai.','2025-05-20 03:13:14'),(267,59,1,5,'Đây chính xác là sản phẩm mà tôi đang tìm kiếm bấy lâu nay.','2025-05-20 03:13:14'),(268,59,2,4,'Sản phẩm tốt, đáng với số tiền mà tôi đã bỏ ra để mua.','2025-05-20 03:13:14'),(269,59,3,3,'Tôi cảm thấy sản phẩm này không thực sự cần thiết cho tôi.','2025-05-20 03:13:14'),(270,59,4,4,'Dùng ổn, nhưng thiếu một vài tính năng nhỏ mà tôi mong đợi.','2025-05-20 03:13:14'),(271,59,5,5,'Tôi rất hài lòng với sản phẩm và sự hỗ trợ nhiệt tình từ shop.','2025-05-20 03:13:14'),(272,60,1,4,'Sản phẩm dùng được, nhưng không có điểm gì đặc biệt để nhớ.','2025-05-20 03:13:14'),(273,60,2,5,'Tôi rất thích sản phẩm này, cảm ơn shop rất nhiều vì đã cung cấp.','2025-05-20 03:13:14'),(274,60,3,3,'Chất lượng sản phẩm không được như những đánh giá tích cực khác.','2025-05-20 03:13:14'),(275,60,4,4,'Khá ổn, nhưng cần xem xét kỹ hơn về chất liệu sản phẩm.','2025-05-20 03:13:14'),(276,60,5,5,'Sản phẩm tuyệt vời, tôi sẽ tiếp tục ủng hộ shop trong thời gian tới.','2025-05-20 03:13:14'),(277,61,1,5,'Rất hài lòng về sản phẩm và thái độ phục vụ chuyên nghiệp của shop.','2025-05-20 03:13:14'),(278,61,2,4,'Sản phẩm tốt, quá trình giao hàng diễn ra rất nhanh chóng và thuận tiện.','2025-05-20 03:13:14'),(279,61,3,3,'Tôi không thích chất liệu và thiết kế tổng thể của sản phẩm này.','2025-05-20 03:13:14'),(280,61,4,4,'Dùng tốt, nhưng giá có vẻ hơi cao so với các sản phẩm tương tự.','2025-05-20 03:13:14'),(281,61,5,5,'Đây là một sản phẩm tuyệt vời, tôi rất khuyến khích mọi người mua!','2025-05-20 03:13:14'),(282,62,1,3,'Sản phẩm không đúng với những gì mà hình ảnh đã hiển thị.','2025-05-20 03:13:14'),(283,62,2,4,'Dùng tạm được, nhưng độ bền của sản phẩm có vẻ không cao.','2025-05-20 03:13:14'),(284,62,3,5,'Chất lượng sản phẩm thực sự rất ấn tượng và vượt trội!','2025-05-20 03:13:14'),(285,62,4,4,'Tôi khá hài lòng với sản phẩm mà mình đã nhận được từ shop.','2025-05-20 03:13:14'),(286,62,5,3,'Tôi sẽ cân nhắc kỹ lưỡng trước khi quyết định mua lại sản phẩm này.','2025-05-20 03:13:14'),(287,63,1,5,'Sản phẩm trên cả sự mong đợi, tôi vô cùng hài lòng khi sử dụng.','2025-05-20 03:13:14'),(288,63,2,4,'Dùng rất thích, màu sắc và kiểu dáng của sản phẩm đều rất đẹp.','2025-05-20 03:13:14'),(289,63,3,5,'Shop phục vụ rất tận tình và chu đáo, sản phẩm chất lượng tuyệt hảo.','2025-05-20 03:13:14'),(290,63,4,4,'Cảm ơn shop vì sản phẩm tốt và quá trình giao hàng nhanh chóng.','2025-05-20 03:13:14'),(291,63,5,3,'Sản phẩm có vẻ như không được gia công chắc chắn lắm.','2025-05-20 03:13:14'),(292,64,1,4,'Sản phẩm dùng được, nhưng không có điểm gì đặc biệt để khen ngợi.','2025-05-20 03:13:14'),(293,64,2,3,'Tôi không thích cách sản phẩm này hoạt động và cảm giác khi dùng.','2025-05-20 03:13:14'),(294,64,3,5,'Sản phẩm rất tốt, tôi chắc chắn sẽ mua lại sản phẩm này lần nữa.','2025-05-20 03:13:14'),(295,64,4,4,'Dùng khá ổn, không có vấn đề gì đáng lo ngại xảy ra trong quá trình sử dụng.','2025-05-20 03:13:14'),(296,64,5,5,'Tôi rất ưng ý với sản phẩm này, cảm ơn shop rất nhiều!','2025-05-20 03:13:14'),(297,65,1,5,'Đây là sản phẩm tốt nhất mà tôi từng mua online, rất đáng tiền.','2025-05-20 03:13:14'),(298,65,2,4,'Sản phẩm chất lượng tốt, quá trình đóng gói rất cẩn thận và chu đáo.','2025-05-20 03:13:14'),(299,65,3,3,'Tôi cảm thấy sản phẩm này không đáng với số tiền mà mình đã bỏ ra.','2025-05-20 03:13:14'),(300,65,4,4,'Dùng tốt, nhưng cần cải thiện thêm về hướng dẫn sử dụng chi tiết hơn.','2025-05-20 03:13:14'),(301,65,5,5,'Hoàn toàn hài lòng, cảm ơn shop rất nhiều vì sản phẩm tuyệt vời này.','2025-05-20 03:13:14'),(302,66,1,3,'Sản phẩm không giống với những gì mà hình ảnh quảng cáo đã thể hiện.','2025-05-20 03:13:14'),(303,66,2,4,'Dùng tạm ổn, nhưng không có gì đặc sắc để khiến tôi nhớ đến sản phẩm.','2025-05-20 03:13:14'),(304,66,3,5,'Sản phẩm rất tốt, tôi sẽ giới thiệu cho tất cả bạn bè và người thân của mình.','2025-05-20 03:13:14'),(305,66,4,4,'Khá hài lòng với sản phẩm mà mình đã nhận được, hoàn toàn đúng với mô tả.','2025-05-20 03:13:14'),(306,66,5,3,'Tôi không hài lòng với chất lượng chung của sản phẩm này.','2025-05-20 03:13:14'),(307,67,1,5,'Sản phẩm trên cả sự mong đợi, tôi rất thích thú và hài lòng khi sử dụng.','2025-05-20 03:13:14'),(308,67,2,4,'Dùng rất thích, màu sắc và chất liệu của sản phẩm đều rất tốt và bền.','2025-05-20 03:13:14'),(309,67,3,4,'Chất lượng sản phẩm ổn định, giá cả phải chăng, đây là một lựa chọn tốt.','2025-05-20 03:13:14'),(310,67,4,5,'Tôi hoàn toàn hài lòng và chắc chắn sẽ tiếp tục ủng hộ shop trong tương lai.','2025-05-20 03:13:14'),(311,67,5,3,'Sản phẩm có vẻ như không được gia công và hoàn thiện một cách tỉ mỉ.','2025-05-20 03:13:14'),(312,68,1,4,'Sản phẩm ổn, nhưng thời gian giao hàng cần được cải thiện để tốt hơn.','2025-05-20 03:13:14'),(313,68,2,3,'Tôi không thích cách mà sản phẩm này được đóng gói và vận chuyển.','2025-05-20 03:13:14'),(314,68,3,5,'Sản phẩm quá tốt, tôi rất ưng ý! Đây là một sản phẩm rất đáng để mua.','2025-05-20 03:13:14'),(315,68,4,4,'Dùng khá tốt, không có bất kỳ vấn đề gì xảy ra trong quá trình sử dụng.','2025-05-20 03:13:14'),(316,68,5,5,'Tôi sẽ mua lại sản phẩm này nếu tôi có nhu cầu sử dụng trong tương lai.','2025-05-20 03:13:14'),(317,69,1,5,'Đây chính xác là sản phẩm mà tôi đã tìm kiếm bấy lâu nay rồi!','2025-05-20 03:13:14'),(318,69,2,4,'Sản phẩm tốt, hoàn toàn xứng đáng với số tiền mà tôi đã bỏ ra.','2025-05-20 03:13:14'),(319,69,3,3,'Tôi cảm thấy sản phẩm này không thực sự cần thiết cho nhu cầu của tôi.','2025-05-20 03:13:14'),(320,69,4,4,'Dùng ổn, nhưng thiếu một vài tính năng nhỏ mà tôi đã mong đợi ở sản phẩm.','2025-05-20 03:13:14'),(321,69,5,5,'Tôi rất hài lòng với sản phẩm và sự hỗ trợ nhiệt tình từ phía shop.','2025-05-20 03:13:14'),(322,70,1,4,'Sản phẩm dùng được, nhưng không có điểm gì đặc biệt để tôi nhớ đến.','2025-05-20 03:13:14'),(323,70,2,5,'Tôi rất thích sản phẩm này, cảm ơn shop rất nhiều vì đã cung cấp sản phẩm tốt.','2025-05-20 03:13:14'),(324,70,3,3,'Chất lượng sản phẩm không được như những đánh giá tích cực mà tôi đã đọc.','2025-05-20 03:13:14'),(325,70,4,4,'Khá ổn, nhưng cần xem xét kỹ hơn về chất liệu sản phẩm trước khi mua.','2025-05-20 03:13:14'),(326,70,5,5,'Sản phẩm tuyệt vời, tôi sẽ tiếp tục ủng hộ shop và giới thiệu cho mọi người.','2025-05-20 03:13:14'),(327,71,1,5,'Rất hài lòng về sản phẩm và thái độ phục vụ chuyên nghiệp của cửa hàng.','2025-05-20 03:13:14'),(328,71,2,4,'Sản phẩm tốt, quá trình giao hàng diễn ra rất nhanh chóng và thuận tiện.','2025-05-20 03:13:14'),(329,71,3,3,'Tôi không thích chất liệu và thiết kế tổng thể của sản phẩm này.','2025-05-20 03:13:14'),(330,71,4,4,'Dùng tốt, nhưng giá có vẻ hơi cao so với các sản phẩm tương tự trên thị trường.','2025-05-20 03:13:14'),(331,71,5,5,'Đây là một sản phẩm tuyệt vời, tôi rất khuyến khích mọi người nên mua!','2025-05-20 03:13:14'),(332,72,1,3,'Sản phẩm không đúng với những gì mà hình ảnh đã hiển thị trên trang web.','2025-05-20 03:13:14'),(333,72,2,4,'Dùng tạm được, nhưng độ bền của sản phẩm có vẻ như không được cao lắm.','2025-05-20 03:13:14'),(334,72,3,5,'Chất lượng sản phẩm thực sự rất ấn tượng và vượt trội so với mong đợi!','2025-05-20 03:13:14'),(335,72,4,4,'Tôi khá hài lòng với sản phẩm mà mình đã nhận được từ cửa hàng.','2025-05-20 03:13:14'),(336,72,5,3,'Tôi sẽ cân nhắc kỹ lưỡng trước khi quyết định mua lại sản phẩm này lần nữa.','2025-05-20 03:13:14'),(337,73,1,5,'Sản phẩm trên cả sự mong đợi, tôi vô cùng hài lòng khi sử dụng sản phẩm này.','2025-05-20 03:13:14'),(338,73,2,4,'Dùng rất thích, màu sắc và kiểu dáng của sản phẩm đều rất đẹp và bắt mắt.','2025-05-20 03:13:14'),(339,73,3,5,'Shop phục vụ rất tận tình và chu đáo, sản phẩm chất lượng tuyệt hảo, không có gì để chê.','2025-05-20 03:13:14'),(340,73,4,4,'Cảm ơn shop vì sản phẩm tốt và quá trình giao hàng diễn ra một cách nhanh chóng.','2025-05-20 03:13:14'),(341,73,5,3,'Sản phẩm có vẻ như không được gia công và hoàn thiện một cách chắc chắn.','2025-05-20 03:13:14'),(342,74,1,4,'Sản phẩm dùng được, nhưng không có điểm gì đặc biệt để tôi phải khen ngợi.','2025-05-20 03:13:14'),(343,74,2,3,'Tôi không thích cách sản phẩm này hoạt động và cảm giác mà nó mang lại khi sử dụng.','2025-05-20 03:13:14'),(344,74,3,5,'Sản phẩm rất tốt, tôi chắc chắn sẽ mua lại sản phẩm này một lần nữa trong tương lai.','2025-05-20 03:13:14'),(345,74,4,4,'Dùng khá ổn, không có vấn đề gì đáng lo ngại xảy ra trong quá trình sử dụng sản phẩm.','2025-05-20 03:13:14'),(346,74,5,5,'Tôi rất ưng ý với sản phẩm này, cảm ơn shop rất nhiều vì đã cung cấp!','2025-05-20 03:13:14'),(347,75,1,5,'Đây là sản phẩm tốt nhất mà tôi từng mua online, hoàn toàn xứng đáng với giá tiền.','2025-05-20 03:13:14'),(348,75,2,4,'Sản phẩm chất lượng tốt, quá trình đóng gói sản phẩm rất cẩn thận và chu đáo.','2025-05-20 03:13:14'),(349,75,3,3,'Tôi cảm thấy sản phẩm này không đáng với số tiền mà mình đã bỏ ra để mua nó.','2025-05-20 03:13:14'),(350,75,4,4,'Dùng tốt, nhưng cần cải thiện thêm về hướng dẫn sử dụng sản phẩm chi tiết hơn.','2025-05-20 03:13:14'),(351,75,5,5,'Hoàn toàn hài lòng, cảm ơn shop rất nhiều vì đã cung cấp một sản phẩm tuyệt vời.','2025-05-20 03:13:14'),(352,76,1,3,'Sản phẩm không giống với những gì mà hình ảnh quảng cáo đã thể hiện trên mạng.','2025-05-20 03:13:14'),(353,76,2,4,'Dùng tạm ổn, nhưng không có gì đặc sắc để khiến tôi nhớ đến sản phẩm này.','2025-05-20 03:13:14'),(354,76,3,5,'Sản phẩm rất tốt, tôi sẽ giới thiệu cho tất cả bạn bè và người thân của mình.','2025-05-20 03:13:14'),(355,76,4,4,'Khá hài lòng với sản phẩm mà mình đã nhận được, hoàn toàn đúng với mô tả của shop.','2025-05-20 03:13:14'),(356,76,5,3,'Tôi không hài lòng với chất lượng chung của sản phẩm này, có vẻ không bền.','2025-05-20 03:13:14'),(357,77,1,5,'Sản phẩm trên cả sự mong đợi, tôi rất thích thú và hài lòng khi sử dụng nó.','2025-05-20 03:13:14'),(358,77,2,4,'Dùng rất thích, màu sắc và chất liệu của sản phẩm đều rất tốt và bền bỉ.','2025-05-20 03:13:14'),(359,77,3,4,'Chất lượng sản phẩm ổn định, giá cả phải chăng, đây là một lựa chọn mua tốt.','2025-05-20 03:13:14'),(360,77,4,5,'Tôi hoàn toàn hài lòng và chắc chắn sẽ tiếp tục ủng hộ shop trong tương lai.','2025-05-20 03:13:14'),(361,77,5,3,'Sản phẩm có vẻ như không được gia công và hoàn thiện một cách tỉ mỉ cho lắm.','2025-05-20 03:13:14'),(362,78,1,4,'Sản phẩm ổn, nhưng thời gian giao hàng cần được cải thiện để phục vụ tốt hơn.','2025-05-20 03:13:14'),(363,78,2,3,'Tôi không thích cách mà sản phẩm này được đóng gói và vận chuyển đến tay tôi.','2025-05-20 03:13:14'),(364,78,3,5,'Sản phẩm quá tốt, tôi rất ưng ý! Đây là một sản phẩm rất đáng để mọi người mua.','2025-05-20 03:13:14'),(365,78,4,4,'Dùng khá tốt, không có bất kỳ vấn đề gì xảy ra trong quá trình sử dụng sản phẩm.','2025-05-20 03:13:14'),(366,78,5,5,'Tôi sẽ mua lại sản phẩm này nếu tôi có nhu cầu sử dụng nó trong tương lai gần.','2025-05-20 03:13:14'),(367,79,1,5,'Đây chính xác là sản phẩm mà tôi đã tìm kiếm bấy lâu nay rồi! Rất ưng ý.','2025-05-20 03:13:14'),(368,79,2,4,'Sản phẩm tốt, hoàn toàn xứng đáng với số tiền mà tôi đã bỏ ra để mua nó.','2025-05-20 03:13:14'),(369,79,3,3,'Tôi cảm thấy sản phẩm này không thực sự cần thiết cho nhu cầu sử dụng của tôi.','2025-05-20 03:13:14'),(370,79,4,4,'Dùng ổn, nhưng thiếu một vài tính năng nhỏ mà tôi đã mong đợi ở sản phẩm này.','2025-05-20 03:13:14'),(371,79,5,5,'Tôi rất hài lòng với sản phẩm và sự hỗ trợ nhiệt tình từ phía cửa hàng.','2025-05-20 03:13:14'),(372,80,1,4,'Sản phẩm dùng được, nhưng không có điểm gì đặc biệt để tôi phải nhớ đến cả.','2025-05-20 03:13:14'),(373,80,2,5,'Tôi rất thích sản phẩm này, cảm ơn shop rất nhiều vì đã cung cấp sản phẩm tốt.','2025-05-20 03:13:14'),(374,80,3,3,'Chất lượng sản phẩm không được như những đánh giá tích cực mà tôi đã đọc trước đó.','2025-05-20 03:13:14'),(375,80,4,4,'Khá ổn, nhưng cần xem xét kỹ hơn về chất liệu sản phẩm trước khi quyết định mua.','2025-05-20 03:13:14'),(376,80,5,5,'Sản phẩm tuyệt vời, tôi sẽ tiếp tục ủng hộ shop và giới thiệu cho bạn bè, người thân.','2025-05-20 03:13:14'),(377,81,1,5,'Rất hài lòng về sản phẩm và thái độ phục vụ chuyên nghiệp của nhân viên cửa hàng.','2025-05-20 03:13:14'),(378,81,2,4,'Sản phẩm tốt, quá trình giao hàng diễn ra rất nhanh chóng và thuận tiện cho tôi.','2025-05-20 03:13:14'),(379,81,3,3,'Tôi không thích chất liệu và thiết kế tổng thể của sản phẩm này, có vẻ không hợp.','2025-05-20 03:13:14'),(380,81,4,4,'Dùng tốt, nhưng giá có vẻ hơi cao so với các sản phẩm tương tự trên thị trường hiện nay.','2025-05-20 03:13:14'),(381,81,5,5,'Đây là một sản phẩm tuyệt vời, tôi rất khuyến khích mọi người nên mua và trải nghiệm!','2025-05-20 03:13:14'),(382,82,1,3,'Sản phẩm không đúng với những gì mà hình ảnh đã hiển thị trên trang web bán hàng.','2025-05-20 03:13:14'),(383,82,2,4,'Dùng tạm được, nhưng độ bền của sản phẩm có vẻ như không được cao lắm.','2025-05-20 03:13:14'),(384,82,3,5,'Chất lượng','2025-05-20 03:13:14'),(385,82,4,4,'Tôi khá hài lòng với sản phẩm mà mình đã nhận được từ cửa hàng, đúng như mô tả.','2025-05-20 03:13:14'),(386,82,5,3,'Tôi sẽ cân nhắc kỹ lưỡng trước khi quyết định mua lại sản phẩm này lần nữa.','2025-05-20 03:13:14'),(387,83,1,5,'Sản phẩm trên cả sự mong đợi, tôi vô cùng hài lòng khi sử dụng sản phẩm này.','2025-05-20 03:13:14'),(388,83,2,4,'Dùng rất thích, màu sắc và kiểu dáng của sản phẩm đều rất đẹp và bắt mắt.','2025-05-20 03:13:14'),(389,83,3,5,'Shop phục vụ rất tận tình và chu đáo, sản phẩm chất lượng tuyệt hảo, không có gì để chê.','2025-05-20 03:13:14'),(390,83,4,4,'Cảm ơn shop vì sản phẩm tốt và quá trình giao hàng diễn ra một cách nhanh chóng.','2025-05-20 03:13:14'),(391,83,5,3,'Sản phẩm có vẻ như không được gia công và hoàn thiện một cách chắc chắn.','2025-05-20 03:13:14'),(392,84,1,4,'Sản phẩm dùng được, nhưng không có điểm gì đặc biệt để tôi phải khen ngợi.','2025-05-20 03:13:14'),(393,84,2,3,'Tôi không thích cách sản phẩm này hoạt động và cảm giác mà nó mang lại khi sử dụng.','2025-05-20 03:13:14'),(394,84,3,5,'Sản phẩm rất tốt, tôi chắc chắn sẽ mua lại sản phẩm này một lần nữa trong tương lai.','2025-05-20 03:13:14'),(395,84,4,4,'Dùng khá ổn, không có vấn đề gì đáng lo ngại xảy ra trong quá trình sử dụng sản phẩm.','2025-05-20 03:13:14'),(396,84,5,5,'Tôi rất ưng ý với sản phẩm này, cảm ơn shop rất nhiều vì đã cung cấp!','2025-05-20 03:13:14'),(397,85,1,5,'Đây là sản phẩm tốt nhất mà tôi từng mua online, hoàn toàn xứng đáng với giá tiền.','2025-05-20 03:13:14'),(398,85,2,4,'Sản phẩm chất lượng tốt, quá trình đóng gói sản phẩm rất cẩn thận và chu đáo.','2025-05-20 03:13:14'),(399,85,3,3,'Tôi cảm thấy sản phẩm này không đáng với số tiền mà mình đã bỏ ra để mua nó.','2025-05-20 03:13:14'),(400,85,4,4,'Dùng tốt, nhưng cần cải thiện thêm về hướng dẫn sử dụng sản phẩm chi tiết hơn.','2025-05-20 03:13:14'),(401,85,5,5,'Hoàn toàn hài lòng, cảm ơn shop rất nhiều vì đã cung cấp một sản phẩm tuyệt vời.','2025-05-20 03:13:14'),(402,86,1,3,'Sản phẩm không giống với những gì mà hình ảnh quảng cáo đã thể hiện trên mạng.','2025-05-20 03:13:14'),(403,86,2,4,'Dùng tạm ổn, nhưng không có gì đặc sắc để khiến tôi nhớ đến sản phẩm này.','2025-05-20 03:13:14'),(404,86,3,5,'Sản phẩm rất tốt, tôi sẽ giới thiệu cho tất cả bạn bè và người thân của mình.','2025-05-20 03:13:14'),(405,86,4,4,'Khá hài lòng với sản phẩm mà mình đã nhận được, hoàn toàn đúng với mô tả của shop.','2025-05-20 03:13:14'),(406,86,5,3,'Tôi không hài lòng với chất lượng chung của sản phẩm này, có vẻ không bền.','2025-05-20 03:13:14'),(407,87,1,5,'Sản phẩm trên cả sự mong đợi, tôi rất thích thú và hài lòng khi sử dụng nó.','2025-05-20 03:13:14'),(408,87,2,4,'Dùng rất thích, màu sắc và chất liệu của sản phẩm đều rất tốt và bền bỉ.','2025-05-20 03:13:14'),(409,87,3,4,'Chất lượng sản phẩm ổn định, giá cả phải chăng, đây là một lựa chọn mua tốt.','2025-05-20 03:13:14'),(410,87,4,5,'Tôi hoàn toàn hài lòng và chắc chắn sẽ tiếp tục ủng hộ shop trong tương lai.','2025-05-20 03:13:14'),(411,87,5,3,'Sản phẩm có vẻ như không được gia công và hoàn thiện một cách tỉ mỉ cho lắm.','2025-05-20 03:13:14'),(412,88,1,4,'Sản phẩm ổn, nhưng thời gian giao hàng cần được cải thiện để phục vụ tốt hơn.','2025-05-20 03:13:14'),(413,88,2,3,'Tôi không thích cách mà sản phẩm này được đóng gói và vận chuyển đến tay tôi.','2025-05-20 03:13:14'),(414,88,3,5,'Sản phẩm quá tốt, tôi rất ưng ý! Đây là một sản phẩm rất đáng để mọi người mua.','2025-05-20 03:13:14'),(415,88,4,4,'Dùng khá tốt, không có bất kỳ vấn đề gì xảy ra trong quá trình sử dụng sản phẩm.','2025-05-20 03:13:14'),(416,88,5,5,'Tôi sẽ mua lại sản phẩm này nếu tôi có nhu cầu sử dụng nó trong tương lai gần.','2025-05-20 03:13:14'),(417,89,1,5,'Đây chính xác là sản phẩm mà tôi đã tìm kiếm bấy lâu nay rồi! Rất ưng ý.','2025-05-20 03:13:14'),(418,89,2,4,'Sản phẩm tốt, hoàn toàn xứng đáng với số tiền mà tôi đã bỏ ra để mua nó.','2025-05-20 03:13:14'),(419,89,3,3,'Tôi cảm thấy sản phẩm này không thực sự cần thiết cho nhu cầu sử dụng của tôi.','2025-05-20 03:13:14'),(420,89,4,4,'Dùng ổn, nhưng thiếu một vài tính năng nhỏ mà tôi đã mong đợi ở sản phẩm này.','2025-05-20 03:13:14'),(421,89,5,5,'Tôi rất hài lòng với sản phẩm và sự hỗ trợ nhiệt tình từ phía cửa hàng.','2025-05-20 03:13:14'),(422,90,1,4,'Sản phẩm dùng được, nhưng không có điểm gì đặc biệt để tôi phải nhớ đến cả.','2025-05-20 03:13:14'),(423,90,2,5,'Tôi rất thích sản phẩm này, cảm ơn shop rất nhiều vì đã cung cấp sản phẩm tốt.','2025-05-20 03:13:14'),(424,90,3,3,'Chất lượng sản phẩm không được như những đánh giá tích cực mà tôi đã đọc trước đó.','2025-05-20 03:13:14'),(425,90,4,4,'Khá ổn, nhưng cần xem xét kỹ hơn về chất liệu sản phẩm trước khi quyết định mua.','2025-05-20 03:13:14'),(426,90,5,5,'Sản phẩm tuyệt vời, tôi sẽ tiếp tục ủng hộ shop và giới thiệu cho bạn bè, người thân.','2025-05-20 03:13:14'),(427,91,1,5,'Rất hài lòng về sản phẩm và thái độ phục vụ chuyên nghiệp của nhân viên cửa hàng.','2025-05-20 03:13:14'),(428,91,2,4,'Sản phẩm tốt, quá trình giao hàng diễn ra rất nhanh chóng và thuận tiện cho tôi.','2025-05-20 03:13:14'),(429,91,3,3,'Tôi không thích chất liệu và thiết kế tổng thể của sản phẩm này, có vẻ không hợp.','2025-05-20 03:13:14'),(430,91,4,4,'Dùng tốt, nhưng giá có vẻ hơi cao so với các sản phẩm tương tự trên thị trường hiện nay.','2025-05-20 03:13:14'),(431,91,5,5,'Đây là một sản phẩm tuyệt vời, tôi rất khuyến khích mọi người nên mua và trải nghiệm!','2025-05-20 03:13:14'),(432,92,1,3,'Sản phẩm không đúng với những gì mà hình ảnh đã hiển thị trên trang web bán hàng.','2025-05-20 03:13:14'),(433,92,2,4,'Dùng tạm được, nhưng độ bền của sản phẩm có vẻ như không được cao lắm.','2025-05-20 03:13:14'),(434,92,3,5,'Chất lượng sản phẩm thực sự rất ấn tượng và vượt trội so với những gì tôi mong đợi!','2025-05-20 03:13:14'),(435,92,4,4,'Tôi khá hài lòng với sản phẩm mà mình đã nhận được từ cửa hàng, đúng như mô tả.','2025-05-20 03:13:14'),(436,92,5,3,'Tôi sẽ cân nhắc kỹ lưỡng trước khi quyết định mua lại sản phẩm này lần nữa.','2025-05-20 03:13:14'),(437,93,1,5,'Sản phẩm trên cả sự mong đợi, tôi vô cùng hài lòng khi sử dụng sản phẩm này.','2025-05-20 03:13:14'),(438,93,2,4,'Dùng rất thích, màu sắc và kiểu dáng của sản phẩm đều rất đẹp và bắt mắt.','2025-05-20 03:13:14'),(439,93,3,5,'Shop phục vụ rất tận tình và chu đáo, sản phẩm chất lượng tuyệt hảo, không có gì để chê.','2025-05-20 03:13:14'),(440,93,4,4,'Cảm ơn shop vì sản phẩm tốt và quá trình giao hàng diễn ra một cách nhanh chóng.','2025-05-20 03:13:14'),(441,93,5,3,'Sản phẩm có vẻ như không được gia công và hoàn thiện một cách chắc chắn.','2025-05-20 03:13:14'),(442,94,1,4,'Sản phẩm dùng được, nhưng không có điểm gì đặc biệt để tôi phải khen ngợi.','2025-05-20 03:13:14'),(443,94,2,3,'Tôi không thích cách sản phẩm này hoạt động và cảm giác mà nó mang lại khi sử dụng.','2025-05-20 03:13:14'),(444,94,3,5,'Sản phẩm rất tốt, tôi chắc chắn sẽ mua lại sản phẩm này một lần nữa trong tương lai.','2025-05-20 03:13:14'),(445,94,4,4,'Dùng khá ổn, không có vấn đề gì đáng lo ngại xảy ra trong quá trình sử dụng sản phẩm.','2025-05-20 03:13:14'),(446,94,5,5,'Tôi rất ưng ý với sản phẩm này, cảm ơn shop rất nhiều vì đã cung cấp!','2025-05-20 03:13:14'),(447,95,1,5,'Đây là sản phẩm tốt nhất mà tôi từng mua online, hoàn toàn xứng đáng với giá tiền.','2025-05-20 03:13:14'),(448,95,2,4,'Sản phẩm chất lượng tốt, quá trình đóng gói sản phẩm rất cẩn thận và chu đáo.','2025-05-20 03:13:14'),(449,95,3,3,'Tôi cảm thấy sản phẩm này không đáng với số tiền mà mình đã bỏ ra để mua nó.','2025-05-20 03:13:14'),(450,95,4,4,'Dùng tốt, nhưng cần cải thiện thêm về hướng dẫn sử dụng sản phẩm chi tiết hơn.','2025-05-20 03:13:14'),(451,95,5,5,'Hoàn toàn hài lòng, cảm ơn shop rất nhiều vì đã cung cấp một sản phẩm tuyệt vời.','2025-05-20 03:13:14'),(452,96,1,3,'Sản phẩm không giống với những gì mà hình ảnh quảng cáo đã thể hiện trên mạng.','2025-05-20 03:13:14'),(453,96,2,4,'Dùng tạm ổn, nhưng không có gì đặc sắc để khiến tôi nhớ đến sản phẩm này.','2025-05-20 03:13:14'),(454,96,3,5,'Sản phẩm rất tốt, tôi sẽ giới thiệu cho tất cả bạn bè và người thân của mình.','2025-05-20 03:13:14'),(455,96,4,4,'Khá hài lòng với sản phẩm mà mình đã nhận được, hoàn toàn đúng với mô tả của shop.','2025-05-20 03:13:14'),(456,96,5,3,'Tôi không hài lòng với chất lượng chung của sản phẩm này, có vẻ không bền.','2025-05-20 03:13:14'),(457,97,1,5,'Sản phẩm trên cả sự mong đợi, tôi rất thích thú và hài lòng khi sử dụng nó.','2025-05-20 03:13:14'),(458,97,2,4,'Dùng rất thích, màu sắc và chất liệu của sản phẩm đều rất tốt và bền bỉ.','2025-05-20 03:13:14'),(459,97,3,4,'Chất lượng sản phẩm ổn định, giá cả phải chăng, đây là một lựa chọn mua tốt.','2025-05-20 03:13:14'),(460,97,4,5,'Tôi hoàn toàn hài lòng và chắc chắn sẽ tiếp tục ủng hộ shop trong tương lai.','2025-05-20 03:13:14'),(461,97,5,3,'Sản phẩm có vẻ như không được gia công và hoàn thiện một cách tỉ mỉ cho lắm.','2025-05-20 03:13:14'),(462,98,1,4,'Sản phẩm ổn, nhưng thời gian giao hàng cần được cải thiện để phục vụ tốt hơn.','2025-05-20 03:13:14'),(463,98,2,3,'Tôi không thích cách mà sản phẩm này được đóng gói và vận chuyển đến tay tôi.','2025-05-20 03:13:14'),(464,98,3,5,'Sản phẩm quá tốt, tôi rất ưng ý! Đây là một sản phẩm rất đáng để mọi người mua.','2025-05-20 03:13:14'),(465,98,4,4,'Dùng khá tốt, không có bất kỳ vấn đề gì xảy ra trong quá trình sử dụng sản phẩm.','2025-05-20 03:13:14'),(466,98,5,5,'Tôi sẽ mua lại sản phẩm này nếu tôi có nhu cầu sử dụng nó trong tương lai gần.','2025-05-20 03:13:14'),(467,99,1,5,'Đây chính xác là sản phẩm mà tôi đã tìm kiếm bấy lâu nay rồi! Rất ưng ý.','2025-05-20 03:13:14'),(468,99,2,4,'Sản phẩm tốt, hoàn toàn xứng đáng với số tiền mà tôi đã bỏ ra để mua nó.','2025-05-20 03:13:14'),(469,99,3,3,'Tôi cảm thấy sản phẩm này không thực sự cần thiết cho nhu cầu sử dụng của tôi.','2025-05-20 03:13:14'),(470,99,4,4,'Dùng ổn, nhưng thiếu một vài tính năng nhỏ mà tôi đã mong đợi ở sản phẩm này.','2025-05-20 03:13:14'),(471,99,5,5,'Tôi rất hài lòng với sản phẩm và sự hỗ trợ nhiệt tình từ phía cửa hàng.','2025-05-20 03:13:14'),(472,100,1,4,'Sản phẩm dùng được, nhưng không có điểm gì đặc biệt để tôi phải nhớ đến cả.','2025-05-20 03:13:14'),(473,100,2,5,'Tôi rất thích sản phẩm này, cảm ơn shop rất nhiều vì đã cung cấp sản phẩm tốt.','2025-05-20 03:13:14'),(474,100,3,3,'Chất lượng sản phẩm không được như những đánh giá tích cực mà tôi đã đọc trước đó.','2025-05-20 03:13:14'),(475,100,4,4,'Khá ổn, nhưng cần xem xét kỹ hơn về chất liệu sản phẩm trước khi quyết định mua.','2025-05-20 03:13:14'),(476,100,5,5,'Sản phẩm tuyệt vời, tôi sẽ tiếp tục ủng hộ shop và giới thiệu cho bạn bè, người thân.','2025-05-20 03:13:14'),(477,101,1,5,'Rất hài lòng về sản phẩm và thái độ phục vụ chuyên nghiệp của nhân viên cửa hàng.','2025-05-20 03:13:14'),(478,101,2,4,'Sản phẩm tốt, quá trình giao hàng diễn ra rất nhanh chóng và thuận tiện cho tôi.','2025-05-20 03:13:14'),(479,101,3,3,'Tôi không thích chất liệu và thiết kế tổng thể của sản phẩm này, có vẻ không hợp.','2025-05-20 03:13:14'),(480,101,4,4,'Dùng tốt, nhưng giá có vẻ hơi cao so với các sản phẩm tương tự trên thị trường hiện nay.','2025-05-20 03:13:14'),(481,101,5,5,'Đây là một sản phẩm tuyệt vời, tôi rất khuyến khích mọi người nên mua và trải nghiệm!','2025-05-20 03:13:14'),(482,102,1,3,'Sản phẩm không đúng với những gì mà hình ảnh đã hiển thị trên trang web bán hàng.','2025-05-20 03:13:14'),(483,102,2,4,'Dùng tạm được, nhưng độ bền của sản phẩm có vẻ như không được cao lắm.','2025-05-20 03:13:14'),(484,102,3,5,'Chất lượng sản phẩm thực sự rất ấn tượng và vượt trội so với những gì tôi mong đợi!','2025-05-20 03:13:14'),(485,102,4,4,'Tôi khá hài lòng với sản phẩm mà mình đã nhận được từ cửa hàng, đúng như mô tả.','2025-05-20 03:13:14'),(486,102,5,3,'Tôi sẽ cân nhắc kỹ lưỡng trước khi quyết định mua lại sản phẩm này lần nữa.','2025-05-20 03:13:14'),(487,103,1,5,'Sản phẩm trên cả sự mong đợi, tôi vô cùng hài lòng khi sử dụng sản phẩm này.','2025-05-20 03:13:14'),(488,103,2,4,'Dùng rất thích, màu sắc và kiểu dáng của sản phẩm đều rất đẹp và bắt mắt.','2025-05-20 03:13:14'),(489,103,3,5,'Shop phục vụ rất tận tình và chu đáo, sản phẩm chất lượng tuyệt hảo, không có gì để chê.','2025-05-20 03:13:14'),(490,103,4,4,'Cảm ơn shop vì sản phẩm tốt và quá trình giao hàng diễn ra một cách nhanh chóng.','2025-05-20 03:13:14'),(491,103,5,3,'Sản phẩm có vẻ như không được gia công và hoàn thiện một cách chắc chắn.','2025-05-20 03:13:14'),(492,104,1,4,'Sản phẩm dùng được, nhưng không có điểm gì đặc biệt để tôi phải khen ngợi.','2025-05-20 03:13:14'),(493,104,2,3,'Tôi không thích cách sản phẩm này hoạt động và cảm giác mà nó mang lại khi sử dụng.','2025-05-20 03:13:14'),(494,104,3,5,'Sản phẩm rất tốt, tôi chắc chắn sẽ mua lại sản phẩm này một lần nữa trong tương lai.','2025-05-20 03:13:14'),(495,104,4,4,'Dùng khá ổn, không có vấn đề gì đáng lo ngại xảy ra trong quá trình sử dụng sản phẩm.','2025-05-20 03:13:14'),(496,104,5,5,'Tôi rất ưng ý với sản phẩm này, cảm ơn shop rất nhiều vì đã cung cấp!','2025-05-20 03:13:14'),(497,105,1,5,'Đây là sản phẩm tốt nhất mà tôi từng mua online, hoàn toàn xứng đáng với giá tiền.','2025-05-20 03:13:14'),(498,105,2,4,'Sản phẩm chất lượng tốt, quá trình đóng gói sản phẩm rất cẩn thận và chu đáo.','2025-05-20 03:13:14'),(499,105,3,3,'Tôi cảm thấy sản phẩm này không đáng với số tiền mà mình đã bỏ ra để mua nó.','2025-05-20 03:13:14'),(500,105,4,4,'Dùng tốt, nhưng cần cải thiện thêm về hướng dẫn sử dụng sản phẩm chi tiết hơn.','2025-05-20 03:13:14'),(501,105,5,5,'Hoàn toàn hài lòng, cảm ơn shop rất nhiều vì đã cung cấp một sản phẩm tuyệt vời.','2025-05-20 03:13:14'),(502,106,1,3,'Sản phẩm không giống với những gì mà hình ảnh quảng cáo đã thể hiện trên mạng.','2025-05-20 03:13:14'),(503,106,2,4,'Dùng tạm ổn, nhưng không có gì đặc sắc để khiến tôi nhớ đến sản phẩm này.','2025-05-20 03:13:14'),(504,106,3,5,'Sản phẩm rất tốt, tôi sẽ giới thiệu cho tất cả bạn bè và người thân của mình.','2025-05-20 03:13:14'),(505,106,4,4,'Khá hài lòng với sản phẩm mà mình đã nhận được, hoàn toàn đúng với mô tả của shop.','2025-05-20 03:13:14'),(506,106,5,3,'Tôi không hài lòng với chất lượng chung của sản phẩm này, có vẻ không bền.','2025-05-20 03:13:14'),(507,107,1,5,'Sản phẩm trên cả sự mong đợi, tôi rất thích thú và hài lòng khi sử dụng nó.','2025-05-20 03:13:14'),(508,107,2,4,'Dùng rất thích, màu sắc và chất liệu của sản phẩm đều rất tốt','2025-05-20 03:13:14'),(509,107,3,4,'Chất lượng sản phẩm ổn định, giá cả phải chăng, đây là một lựa chọn mua tốt.','2025-05-20 03:13:14'),(510,107,4,5,'Tôi hoàn toàn hài lòng và chắc chắn sẽ tiếp tục ủng hộ shop trong tương lai.','2025-05-20 03:13:14'),(511,107,5,3,'Sản phẩm có vẻ như không được gia công và hoàn thiện một cách tỉ mỉ cho lắm.','2025-05-20 03:13:14'),(512,108,1,4,'Sản phẩm ổn, nhưng thời gian giao hàng cần được cải thiện để phục vụ tốt hơn.','2025-05-20 03:13:14'),(513,108,2,3,'Tôi không thích cách mà sản phẩm này được đóng gói và vận chuyển đến tay tôi.','2025-05-20 03:13:14'),(514,108,3,5,'Sản phẩm quá tốt, tôi rất ưng ý! Đây là một sản phẩm rất đáng để mọi người mua.','2025-05-20 03:13:14'),(515,108,4,4,'Dùng khá tốt, không có bất kỳ vấn đề gì xảy ra trong quá trình sử dụng sản phẩm.','2025-05-20 03:13:14'),(516,108,5,5,'Tôi sẽ mua lại sản phẩm này nếu tôi có nhu cầu sử dụng nó trong tương lai gần.','2025-05-20 03:13:14'),(517,109,1,5,'Đây chính xác là sản phẩm mà tôi đã tìm kiếm bấy lâu nay rồi! Rất ưng ý.','2025-05-20 03:13:14'),(518,109,2,4,'Sản phẩm tốt, hoàn toàn xứng đáng với số tiền mà tôi đã bỏ ra để mua nó.','2025-05-20 03:13:14'),(519,109,3,3,'Tôi cảm thấy sản phẩm này không thực sự cần thiết cho nhu cầu sử dụng của tôi.','2025-05-20 03:13:14'),(520,109,4,4,'Dùng ổn, nhưng thiếu một vài tính năng nhỏ mà tôi đã mong đợi ở sản phẩm này.','2025-05-20 03:13:14'),(521,109,5,5,'Tôi rất hài lòng với sản phẩm và sự hỗ trợ nhiệt tình từ phía cửa hàng.','2025-05-20 03:13:14'),(522,110,1,4,'Sản phẩm dùng được, nhưng không có điểm gì đặc biệt để tôi phải nhớ đến cả.','2025-05-20 03:13:14'),(523,110,2,5,'Tôi rất thích sản phẩm này, cảm ơn shop rất nhiều vì đã cung cấp sản phẩm tốt.','2025-05-20 03:13:14'),(524,110,3,3,'Chất lượng sản phẩm không được như những đánh giá tích cực mà tôi đã đọc trước đó.','2025-05-20 03:13:14'),(525,110,4,4,'Khá ổn, nhưng cần xem xét kỹ hơn về chất liệu sản phẩm trước khi quyết định mua.','2025-05-20 03:13:14'),(526,110,5,5,'Sản phẩm tuyệt vời, tôi sẽ tiếp tục ủng hộ shop và giới thiệu cho bạn bè, người thân.','2025-05-20 03:13:14'),(527,111,1,5,'Rất hài lòng về sản phẩm và thái độ phục vụ chuyên nghiệp của nhân viên cửa hàng.','2025-05-20 03:13:14'),(528,111,2,4,'Sản phẩm tốt, quá trình giao hàng diễn ra rất nhanh chóng và thuận tiện cho tôi.','2025-05-20 03:13:14'),(529,111,3,3,'Tôi không thích chất liệu và thiết kế tổng thể của sản phẩm này, có vẻ không hợp.','2025-05-20 03:13:14'),(530,111,4,4,'Dùng tốt, nhưng giá có vẻ hơi cao so với các sản phẩm tương tự trên thị trường hiện nay.','2025-05-20 03:13:14'),(531,111,5,5,'Đây là một sản phẩm tuyệt vời, tôi rất khuyến khích mọi người nên mua và trải nghiệm!','2025-05-20 03:13:14'),(532,112,1,3,'Sản phẩm không đúng với những gì mà hình ảnh đã hiển thị trên trang web bán hàng.','2025-05-20 03:13:14'),(533,112,2,4,'Dùng tạm được, nhưng độ bền của sản phẩm có vẻ như không được cao lắm.','2025-05-20 03:13:14'),(534,112,3,5,'Chất lượng sản phẩm thực sự rất ấn tượng và vượt trội so với những gì tôi mong đợi!','2025-05-20 03:13:14'),(535,112,4,4,'Tôi khá hài lòng với sản phẩm mà mình đã nhận được từ cửa hàng, đúng như mô tả.','2025-05-20 03:13:14'),(536,112,5,3,'Tôi sẽ cân nhắc kỹ lưỡng trước khi quyết định mua lại sản phẩm này lần nữa.','2025-05-20 03:13:14'),(537,113,1,5,'Sản phẩm trên cả sự mong đợi, tôi vô cùng hài lòng khi sử dụng sản phẩm này.','2025-05-20 03:13:14'),(538,113,2,4,'Dùng rất thích, màu sắc và kiểu dáng của sản phẩm đều rất đẹp và bắt mắt.','2025-05-20 03:13:14'),(539,113,3,5,'Shop phục vụ rất tận tình và chu đáo, sản phẩm chất lượng tuyệt hảo, không có gì để chê.','2025-05-20 03:13:14'),(540,113,4,4,'Cảm ơn shop vì sản phẩm tốt và quá trình giao hàng diễn ra một cách nhanh chóng.','2025-05-20 03:13:14'),(541,113,5,3,'Sản phẩm có vẻ như không được gia công và hoàn thiện một cách chắc chắn.','2025-05-20 03:13:14'),(542,114,1,4,'Sản phẩm dùng được, nhưng không có điểm gì đặc biệt để tôi phải khen ngợi.','2025-05-20 03:13:14'),(543,114,2,3,'Tôi không thích cách sản phẩm này hoạt động và cảm giác mà nó mang lại khi sử dụng.','2025-05-20 03:13:14'),(544,114,3,5,'Sản phẩm rất tốt, tôi chắc chắn sẽ mua lại sản phẩm này một lần nữa trong tương lai.','2025-05-20 03:13:14'),(545,114,4,4,'Dùng khá ổn, không có vấn đề gì đáng lo ngại xảy ra trong quá trình sử dụng sản phẩm.','2025-05-20 03:13:14'),(546,114,5,5,'Tôi rất ưng ý với sản phẩm này, cảm ơn shop rất nhiều vì đã cung cấp!','2025-05-20 03:13:14'),(547,115,1,5,'Đây là sản phẩm tốt nhất mà tôi từng mua online, hoàn toàn xứng đáng với giá tiền.','2025-05-20 03:13:14'),(548,115,2,4,'Sản phẩm chất lượng tốt, quá trình đóng gói sản phẩm rất cẩn thận và chu đáo.','2025-05-20 03:13:14'),(549,115,3,3,'Tôi cảm thấy sản phẩm này không đáng với số tiền mà mình đã bỏ ra để mua nó.','2025-05-20 03:13:14'),(550,115,4,4,'Dùng tốt, nhưng cần cải thiện thêm về hướng dẫn sử dụng sản phẩm chi tiết hơn.','2025-05-20 03:13:14'),(551,115,5,5,'Hoàn toàn hài lòng, cảm ơn shop rất nhiều vì đã cung cấp một sản phẩm tuyệt vời.','2025-05-20 03:13:14'),(552,116,1,3,'Sản phẩm không giống với những gì mà hình ảnh quảng cáo đã thể hiện trên mạng.','2025-05-20 03:13:14'),(553,116,2,4,'Dùng tạm ổn, nhưng không có gì đặc sắc để khiến tôi nhớ đến sản phẩm này.','2025-05-20 03:13:14'),(554,116,3,5,'Sản phẩm rất tốt, tôi sẽ giới thiệu cho tất cả bạn bè và người thân của mình.','2025-05-20 03:13:14'),(555,116,4,4,'Khá hài lòng với sản phẩm mà mình đã nhận được, hoàn toàn đúng với mô tả của shop.','2025-05-20 03:13:14'),(556,116,5,3,'Tôi không hài lòng với chất lượng chung của sản phẩm này, có vẻ không bền.','2025-05-20 03:13:14'),(557,117,1,5,'Sản phẩm trên cả sự mong đợi, tôi rất thích thú và hài lòng khi sử dụng nó.','2025-05-20 03:13:14'),(558,117,2,4,'Dùng rất thích, màu sắc và chất liệu của sản phẩm đều rất tốt và bền bỉ.','2025-05-20 03:13:14'),(559,117,3,4,'Chất lượng sản phẩm ổn định, giá cả phải chăng, đây là một lựa chọn mua tốt.','2025-05-20 03:13:14'),(560,117,4,5,'Tôi hoàn toàn hài lòng và chắc chắn sẽ tiếp tục ủng hộ shop trong tương lai.','2025-05-20 03:13:14'),(561,117,5,3,'Sản phẩm có vẻ như không được gia công và hoàn thiện một cách tỉ mỉ cho lắm.','2025-05-20 03:13:14'),(562,118,1,4,'Sản phẩm ổn, nhưng thời gian giao hàng cần được cải thiện để phục vụ tốt hơn.','2025-05-20 03:13:14'),(563,118,2,3,'Tôi không thích cách mà sản phẩm này được đóng gói và vận chuyển đến tay tôi.','2025-05-20 03:13:14'),(564,118,3,5,'Sản phẩm quá tốt, tôi rất ưng ý! Đây là một sản phẩm rất đáng để mọi người mua.','2025-05-20 03:13:14'),(565,118,4,4,'Dùng khá tốt, không có bất kỳ vấn đề gì xảy ra trong quá trình sử dụng sản phẩm.','2025-05-20 03:13:14'),(566,118,5,5,'Tôi sẽ mua lại sản phẩm này nếu tôi có nhu cầu sử dụng nó trong tương lai gần.','2025-05-20 03:13:14'),(567,119,1,5,'Đây chính xác là sản phẩm mà tôi đã tìm kiếm bấy lâu nay rồi! Rất ưng ý.','2025-05-20 03:13:14'),(568,119,2,4,'Sản phẩm tốt, hoàn toàn xứng đáng với số tiền mà tôi đã bỏ ra để mua nó.','2025-05-20 03:13:14'),(569,119,3,3,'Tôi cảm thấy sản phẩm này không thực sự cần thiết cho nhu cầu sử dụng của tôi.','2025-05-20 03:13:14'),(570,119,4,4,'Dùng ổn, nhưng thiếu một vài tính năng nhỏ mà tôi đã mong đợi ở sản phẩm này.','2025-05-20 03:13:14'),(571,119,5,5,'Tôi rất hài lòng với sản phẩm và sự hỗ trợ nhiệt tình từ phía cửa hàng.','2025-05-20 03:13:14'),(572,120,1,4,'Sản phẩm dùng được, nhưng không có điểm gì đặc biệt để tôi phải nhớ đến cả.','2025-05-20 03:13:14'),(573,120,2,5,'Tôi rất thích sản phẩm này, cảm ơn shop rất nhiều vì đã cung cấp sản phẩm tốt.','2025-05-20 03:13:14'),(574,120,3,3,'Chất lượng sản phẩm không được như những đánh giá tích cực mà tôi đã đọc trước đó.','2025-05-20 03:13:14'),(575,120,4,4,'Khá ổn, nhưng cần xem xét kỹ hơn về chất liệu sản phẩm trước khi quyết định mua.','2025-05-20 03:13:14'),(576,120,5,5,'Sản phẩm tuyệt vời, tôi sẽ tiếp tục ủng hộ shop và giới thiệu cho bạn bè, người thân.','2025-05-20 03:13:14'),(577,121,1,5,'Rất hài lòng về sản phẩm và thái độ phục vụ chuyên nghiệp của nhân viên cửa hàng.','2025-05-20 03:13:14'),(578,121,2,4,'Sản phẩm tốt, quá trình giao hàng diễn ra rất nhanh chóng và thuận tiện cho tôi.','2025-05-20 03:13:14'),(579,121,3,3,'Tôi không thích chất liệu và thiết kế tổng thể của sản phẩm này, có vẻ không hợp.','2025-05-20 03:13:14'),(580,121,4,4,'Dùng tốt, nhưng giá có vẻ hơi cao so với các sản phẩm tương tự trên thị trường hiện nay.','2025-05-20 03:13:14'),(581,121,5,5,'Đây là một sản phẩm tuyệt vời, tôi rất khuyến khích mọi người nên mua và trải nghiệm!','2025-05-20 03:13:14'),(582,122,1,3,'Sản phẩm không đúng với những gì mà hình ảnh đã hiển thị trên trang web bán hàng.','2025-05-20 03:13:14'),(583,122,2,4,'Dùng tạm được, nhưng độ bền của sản phẩm có vẻ như không được cao lắm.','2025-05-20 03:13:14'),(584,122,3,5,'Chất lượng sản phẩm thực sự rất ấn tượng và vượt trội so với những gì tôi mong đợi!','2025-05-20 03:13:14'),(585,122,4,4,'Tôi khá hài lòng với sản phẩm mà mình đã nhận được từ cửa hàng, đúng như mô tả.','2025-05-20 03:13:14'),(586,122,5,3,'Tôi sẽ cân nhắc kỹ lưỡng trước khi quyết định mua lại sản phẩm này lần nữa.','2025-05-20 03:13:14'),(587,123,1,5,'Sản phẩm trên cả sự mong đợi, tôi vô cùng hài lòng khi sử dụng sản phẩm này.','2025-05-20 03:13:14'),(588,123,2,4,'Dùng rất thích, màu sắc và kiểu dáng của sản phẩm đều rất đẹp và bắt mắt.','2025-05-20 03:13:14'),(589,123,3,5,'Shop phục vụ rất tận tình và chu đáo, sản phẩm chất lượng tuyệt hảo, không có gì để chê.','2025-05-20 03:13:14'),(590,123,4,4,'Cảm ơn shop vì sản phẩm tốt và quá trình giao hàng diễn ra một cách nhanh chóng.','2025-05-20 03:13:14'),(591,123,5,3,'Sản phẩm có vẻ như không được gia công và hoàn thiện một cách chắc chắn.','2025-05-20 03:13:14'),(592,124,1,4,'Sản phẩm dùng được, nhưng không có điểm gì đặc biệt để tôi phải khen ngợi.','2025-05-20 03:13:14'),(593,124,2,3,'Tôi không thích cách sản phẩm này hoạt động và cảm giác mà nó mang lại khi sử dụng.','2025-05-20 03:13:14'),(594,124,3,5,'Sản phẩm rất tốt, tôi chắc chắn sẽ mua lại sản phẩm này một lần nữa trong tương lai.','2025-05-20 03:13:14'),(595,124,4,4,'Dùng khá ổn, không có vấn đề gì đáng lo ngại xảy ra trong quá trình sử dụng sản phẩm.','2025-05-20 03:13:14'),(596,124,5,5,'Tôi rất ưng ý với sản phẩm này, cảm ơn shop rất nhiều vì đã cung cấp!','2025-05-20 03:13:14'),(597,125,1,5,'Đây là sản phẩm tốt nhất mà tôi từng mua online, hoàn toàn xứng đáng với giá tiền.','2025-05-20 03:13:14'),(598,125,2,4,'Sản phẩm chất lượng tốt, quá trình đóng gói sản phẩm rất cẩn thận và chu đáo.','2025-05-20 03:13:14'),(599,125,3,3,'Tôi cảm thấy sản phẩm này không đáng với số tiền mà mình đã bỏ ra để mua nó.','2025-05-20 03:13:14'),(600,125,4,4,'Dùng tốt, nhưng cần cải thiện thêm về hướng dẫn sử dụng sản phẩm chi tiết hơn.','2025-05-20 03:13:14'),(601,125,5,5,'Hoàn toàn hài lòng, cảm ơn shop rất nhiều vì đã cung cấp một sản phẩm tuyệt vời.','2025-05-20 03:13:14'),(602,126,1,3,'Sản phẩm không giống với những gì mà hình ảnh quảng cáo đã thể hiện trên mạng.','2025-05-20 03:13:14'),(603,126,2,4,'Dùng tạm ổn, nhưng không có gì đặc sắc để khiến tôi nhớ đến sản phẩm này.','2025-05-20 03:13:14'),(604,126,3,5,'Sản phẩm rất tốt, tôi sẽ giới thiệu cho tất cả bạn bè và người thân của mình.','2025-05-20 03:13:14'),(605,126,4,4,'Khá hài lòng với sản phẩm mà mình đã nhận được, hoàn toàn đúng với mô tả của shop.','2025-05-20 03:13:14'),(606,126,5,3,'Tôi không hài lòng với chất lượng chung của sản phẩm này, có vẻ không bền.','2025-05-20 03:13:14'),(607,127,1,5,'Sản phẩm trên cả sự mong đợi, tôi rất thích thú và hài lòng khi sử dụng nó.','2025-05-20 03:13:14'),(608,127,2,4,'Dùng rất thích, màu sắc và chất liệu của sản phẩm đều rất tốt và bền bỉ.','2025-05-20 03:13:14'),(609,127,3,4,'Chất lượng sản phẩm ổn định, giá cả phải chăng, đây là một lựa chọn mua tốt.','2025-05-20 03:13:14'),(610,127,4,5,'Tôi hoàn toàn hài lòng và chắc chắn sẽ tiếp tục ủng hộ shop trong tương lai.','2025-05-20 03:13:14'),(611,127,5,3,'Sản phẩm có vẻ như không được gia công và hoàn thiện một cách tỉ mỉ cho lắm.','2025-05-20 03:13:14'),(612,128,1,4,'Sản phẩm ổn, nhưng thời gian giao hàng cần được cải thiện để phục vụ tốt hơn.','2025-05-20 03:13:14'),(613,128,2,3,'Tôi không thích cách mà sản phẩm này được đóng gói và vận chuyển đến tay tôi.','2025-05-20 03:13:14'),(614,128,3,5,'Sản phẩm quá tốt, tôi rất ưng ý! Đây là một sản phẩm rất đáng để mọi người mua.','2025-05-20 03:13:14'),(615,128,4,4,'Dùng khá tốt, không có bất kỳ vấn đề gì xảy ra trong quá trình sử dụng sản phẩm.','2025-05-20 03:13:14'),(616,128,5,5,'Tôi sẽ mua lại sản phẩm này nếu tôi có nhu cầu sử dụng nó trong tương lai gần.','2025-05-20 03:13:14'),(617,129,1,5,'Đây chính xác là sản phẩm mà tôi đã tìm kiếm bấy lâu nay rồi! Rất ưng ý.','2025-05-20 03:13:14'),(618,129,2,4,'Sản phẩm tốt, hoàn toàn xứng đáng với số tiền mà tôi đã bỏ ra để mua nó.','2025-05-20 03:13:14'),(619,129,3,3,'Tôi cảm thấy sản phẩm này không thực sự cần thiết cho nhu cầu sử dụng của tôi.','2025-05-20 03:13:14'),(620,129,4,4,'Dùng ổn, nhưng thiếu một vài tính năng nhỏ mà tôi đã mong đợi ở sản phẩm này.','2025-05-20 03:13:14'),(621,129,5,5,'Tôi rất hài lòng với sản phẩm và sự hỗ trợ nhiệt tình từ phía cửa hàng.','2025-05-20 03:13:14'),(622,130,1,4,'Sản phẩm dùng được, nhưng không có điểm gì đặc biệt để tôi phải nhớ đến cả.','2025-05-20 03:13:14'),(623,130,2,5,'Tôi rất thích sản phẩm này, cảm ơn shop rất nhiều vì đã cung cấp sản phẩm tốt.','2025-05-20 03:13:14'),(624,130,3,3,'Chất lượng sản phẩm không được như những đánh giá tích cực mà tôi đã đọc trước đó.','2025-05-20 03:13:14'),(625,130,4,4,'Khá ổn, nhưng cần xem xét kỹ hơn về chất liệu sản phẩm trước khi quyết định mua.','2025-05-20 03:13:14'),(626,130,5,5,'Sản phẩm tuyệt vời, tôi sẽ tiếp tục ủng hộ shop và giới thiệu cho bạn bè, người thân.','2025-05-20 03:13:14'),(627,131,1,5,'Rất hài lòng về sản phẩm và thái độ phục vụ chuyên nghiệp của nhân viên cửa hàng.','2025-05-20 03:13:14'),(628,131,2,4,'Sản phẩm tốt, quá trình giao hàng diễn ra rất nhanh chóng và thuận tiện cho tôi.','2025-05-20 03:13:14'),(629,131,3,3,'Tôi không thích chất liệu và thiết kế tổng thể của sản phẩm này, có vẻ không hợp.','2025-05-20 03:13:14'),(630,131,4,4,'Dùng tốt, nhưng giá có vẻ hơi cao so','2025-05-20 03:13:14'),(631,131,5,5,'Đây là một sản phẩm tuyệt vời, tôi rất khuyến khích mọi người nên mua và trải nghiệm!','2025-05-20 03:13:14'),(632,132,1,3,'Sản phẩm không đúng với những gì mà hình ảnh đã hiển thị trên trang web bán hàng.','2025-05-20 03:13:14'),(633,132,2,4,'Dùng tạm được, nhưng độ bền của sản phẩm có vẻ như không được cao lắm.','2025-05-20 03:13:14'),(634,132,3,5,'Chất lượng sản phẩm thực sự rất ấn tượng và vượt trội so với những gì tôi mong đợi!','2025-05-20 03:13:14'),(635,132,4,4,'Tôi khá hài lòng với sản phẩm mà mình đã nhận được từ cửa hàng, đúng như mô tả.','2025-05-20 03:13:14'),(636,132,5,3,'Tôi sẽ cân nhắc kỹ lưỡng trước khi quyết định mua lại sản phẩm này lần nữa.','2025-05-20 03:13:14'),(637,133,1,5,'Sản phẩm trên cả sự mong đợi, tôi vô cùng hài lòng khi sử dụng sản phẩm này.','2025-05-20 03:13:14'),(638,133,2,4,'Dùng rất thích, màu sắc và kiểu dáng của sản phẩm đều rất đẹp và bắt mắt.','2025-05-20 03:13:14'),(639,133,3,5,'Shop phục vụ rất tận tình và chu đáo, sản phẩm chất lượng tuyệt hảo, không có gì để chê.','2025-05-20 03:13:14'),(640,133,4,4,'Cảm ơn shop vì sản phẩm tốt và quá trình giao hàng diễn ra một cách nhanh chóng.','2025-05-20 03:13:14'),(641,133,5,3,'Sản phẩm có vẻ như không được gia công và hoàn thiện một cách chắc chắn.','2025-05-20 03:13:14'),(642,134,1,4,'Sản phẩm dùng được, nhưng không có điểm gì đặc biệt để tôi phải khen ngợi.','2025-05-20 03:13:14'),(643,134,2,3,'Tôi không thích cách sản phẩm này hoạt động và cảm giác mà nó mang lại khi sử dụng.','2025-05-20 03:13:14'),(644,134,3,5,'Sản phẩm rất tốt, tôi chắc chắn sẽ mua lại sản phẩm này một lần nữa trong tương lai.','2025-05-20 03:13:14'),(645,134,4,4,'Dùng khá ổn, không có vấn đề gì đáng lo ngại xảy ra trong quá trình sử dụng sản phẩm.','2025-05-20 03:13:14'),(646,134,5,5,'Tôi rất ưng ý với sản phẩm này, cảm ơn shop rất nhiều vì đã cung cấp!','2025-05-20 03:13:14'),(647,135,1,5,'Đây là sản phẩm tốt nhất mà tôi từng mua online, hoàn toàn xứng đáng với giá tiền.','2025-05-20 03:13:14'),(648,135,2,4,'Sản phẩm chất lượng tốt, quá trình đóng gói sản phẩm rất cẩn thận và chu đáo.','2025-05-20 03:13:14'),(649,135,3,3,'Tôi cảm thấy sản phẩm này không đáng với số tiền mà mình đã bỏ ra để mua nó.','2025-05-20 03:13:14'),(650,135,4,4,'Dùng tốt, nhưng cần cải thiện thêm về hướng dẫn sử dụng sản phẩm chi tiết hơn.','2025-05-20 03:13:14'),(651,135,5,5,'Hoàn toàn hài lòng, cảm ơn shop rất nhiều vì đã cung cấp một sản phẩm tuyệt vời.','2025-05-20 03:13:14'),(652,136,1,3,'Sản phẩm không giống với những gì mà hình ảnh quảng cáo đã thể hiện trên mạng.','2025-05-20 03:13:14'),(653,136,2,4,'Dùng tạm ổn, nhưng không có gì đặc sắc để khiến tôi nhớ đến sản phẩm này.','2025-05-20 03:13:14'),(654,136,3,5,'Sản phẩm rất tốt, tôi sẽ giới thiệu cho tất cả bạn bè và người thân của mình.','2025-05-20 03:13:14'),(655,136,4,4,'Khá hài lòng với sản phẩm mà mình đã nhận được, hoàn toàn đúng với mô tả của shop.','2025-05-20 03:13:14'),(656,136,5,3,'Tôi không hài lòng với chất lượng chung của sản phẩm này, có vẻ không bền.','2025-05-20 03:13:14'),(657,137,1,5,'Sản phẩm trên cả sự mong đợi, tôi rất thích thú và hài lòng khi sử dụng nó.','2025-05-20 03:13:14'),(658,137,2,4,'Dùng rất thích, màu sắc và chất liệu của sản phẩm đều rất tốt và bền bỉ.','2025-05-20 03:13:14'),(659,137,3,4,'Chất lượng sản phẩm ổn định, giá cả phải chăng, đây là một lựa chọn mua tốt.','2025-05-20 03:13:14'),(660,137,4,5,'Tôi hoàn toàn hài lòng và chắc chắn sẽ tiếp tục ủng hộ shop trong tương lai.','2025-05-20 03:13:14'),(661,137,5,3,'Sản phẩm có vẻ như không được gia công và hoàn thiện một cách tỉ mỉ cho lắm.','2025-05-20 03:13:14'),(662,138,1,4,'Sản phẩm ổn, nhưng thời gian giao hàng cần được cải thiện để phục vụ tốt hơn.','2025-05-20 03:13:14'),(663,138,2,3,'Tôi không thích cách mà sản phẩm này được đóng gói và vận chuyển đến tay tôi.','2025-05-20 03:13:14'),(664,138,3,5,'Sản phẩm quá tốt, tôi rất ưng ý! Đây là một sản phẩm rất đáng để mọi người mua.','2025-05-20 03:13:14'),(665,138,4,4,'Dùng khá tốt, không có bất kỳ vấn đề gì xảy ra trong quá trình sử dụng sản phẩm.','2025-05-20 03:13:14'),(666,138,5,5,'Tôi sẽ mua lại sản phẩm này nếu tôi có nhu cầu sử dụng nó trong tương lai gần.','2025-05-20 03:13:14'),(667,139,1,5,'Đây chính xác là sản phẩm mà tôi đã tìm kiếm bấy lâu nay rồi! Rất ưng ý.','2025-05-20 03:13:14'),(668,139,2,4,'Sản phẩm tốt, hoàn toàn xứng đáng với số tiền mà tôi đã bỏ ra để mua nó.','2025-05-20 03:13:14'),(669,139,3,3,'Tôi cảm thấy sản phẩm này không thực sự cần thiết cho nhu cầu sử dụng của tôi.','2025-05-20 03:13:14'),(670,139,4,4,'Dùng ổn, nhưng thiếu một vài tính năng nhỏ mà tôi đã mong đợi ở sản phẩm này.','2025-05-20 03:13:14'),(671,139,5,5,'Tôi rất hài lòng với sản phẩm và sự hỗ trợ nhiệt tình từ phía cửa hàng.','2025-05-20 03:13:14'),(672,140,1,4,'Sản phẩm dùng được, nhưng không có điểm gì đặc biệt để tôi phải nhớ đến cả.','2025-05-20 03:13:14'),(673,140,2,5,'Tôi rất thích sản phẩm này, cảm ơn shop rất nhiều vì đã cung cấp sản phẩm tốt.','2025-05-20 03:13:14'),(674,140,3,3,'Chất lượng sản phẩm không được như những đánh giá tích cực mà tôi đã đọc trước đó.','2025-05-20 03:13:14'),(675,140,4,4,'Khá ổn, nhưng cần xem xét kỹ hơn về chất liệu sản phẩm trước khi quyết định mua.','2025-05-20 03:13:14'),(676,140,5,5,'Sản phẩm tuyệt vời, tôi sẽ tiếp tục ủng hộ shop và giới thiệu cho bạn bè, người thân.','2025-05-20 03:13:14'),(677,141,1,5,'Rất hài lòng về sản phẩm và thái độ phục vụ chuyên nghiệp của nhân viên cửa hàng.','2025-05-20 03:13:14'),(678,141,2,4,'Sản phẩm tốt, quá trình giao hàng diễn ra rất nhanh chóng và thuận tiện cho tôi.','2025-05-20 03:13:14'),(679,141,3,3,'Tôi không thích chất liệu và thiết kế tổng thể của sản phẩm này, có vẻ không hợp.','2025-05-20 03:13:14'),(680,141,4,4,'Dùng tốt, nhưng giá có vẻ hơi cao so với các sản phẩm tương tự trên thị trường hiện nay.','2025-05-20 03:13:14'),(681,141,5,5,'Đây là một sản phẩm tuyệt vời, tôi rất khuyến khích mọi người nên mua và trải nghiệm!','2025-05-20 03:13:14'),(682,142,1,3,'Sản phẩm không đúng với những gì mà hình ảnh đã hiển thị trên trang web bán hàng.','2025-05-20 03:13:14'),(683,142,2,4,'Dùng tạm được, nhưng độ bền của sản phẩm có vẻ như không được cao lắm.','2025-05-20 03:13:14'),(684,142,3,5,'Chất lượng sản phẩm thực sự rất ấn tượng và vượt trội so với những gì tôi mong đợi!','2025-05-20 03:13:14'),(685,142,4,4,'Tôi khá hài lòng với sản phẩm mà mình đã nhận được từ cửa hàng, đúng như mô tả.','2025-05-20 03:13:14'),(686,142,5,3,'Tôi sẽ cân nhắc kỹ lưỡng trước khi quyết định mua lại sản phẩm này lần nữa.','2025-05-20 03:13:14'),(687,143,1,5,'Sản phẩm trên cả sự mong đợi, tôi vô cùng hài lòng khi sử dụng sản phẩm này.','2025-05-20 03:13:14'),(688,143,2,4,'Dùng rất thích, màu sắc và kiểu dáng của sản phẩm đều rất đẹp và bắt mắt.','2025-05-20 03:13:14'),(689,143,3,5,'Shop phục vụ rất tận tình và chu đáo, sản phẩm chất lượng tuyệt hảo, không có gì để chê.','2025-05-20 03:13:14'),(690,143,4,4,'Cảm ơn shop vì sản phẩm tốt và quá trình giao hàng diễn ra một cách nhanh chóng.','2025-05-20 03:13:14'),(691,143,5,3,'Sản phẩm có vẻ như không được gia công và hoàn thiện một cách chắc chắn.','2025-05-20 03:13:14'),(692,144,1,4,'Sản phẩm dùng được, nhưng không có điểm gì đặc biệt để tôi phải khen ngợi.','2025-05-20 03:13:14'),(693,144,2,3,'Tôi không thích cách sản phẩm này hoạt động và cảm giác mà nó mang lại khi sử dụng.','2025-05-20 03:13:14'),(694,144,3,5,'Sản phẩm rất tốt, tôi chắc chắn sẽ mua lại sản phẩm này một lần nữa trong tương lai.','2025-05-20 03:13:14'),(695,144,4,4,'Dùng khá ổn, không có vấn đề gì đáng lo ngại xảy ra trong quá trình sử dụng sản phẩm.','2025-05-20 03:13:14'),(696,144,5,5,'Tôi rất ưng ý với sản phẩm này, cảm ơn shop rất nhiều vì đã cung cấp!','2025-05-20 03:13:14'),(697,145,1,5,'Đây là sản phẩm tốt nhất mà tôi từng mua online, hoàn toàn xứng đáng với giá tiền.','2025-05-20 03:13:14'),(698,145,2,4,'Sản phẩm chất lượng tốt, quá trình đóng gói sản phẩm rất cẩn thận và chu đáo.','2025-05-20 03:13:14'),(699,145,3,3,'Tôi cảm thấy sản phẩm này không đáng với số tiền mà mình đã bỏ ra để mua nó.','2025-05-20 03:13:14'),(700,145,4,4,'Dùng tốt, nhưng cần cải thiện thêm về hướng dẫn sử dụng sản phẩm chi tiết hơn.','2025-05-20 03:13:14'),(701,145,5,5,'Hoàn toàn hài lòng, cảm ơn shop rất nhiều vì đã cung cấp một sản phẩm tuyệt vời.','2025-05-20 03:13:14'),(702,146,1,3,'Sản phẩm không giống với những gì mà hình ảnh quảng cáo đã thể hiện trên mạng.','2025-05-20 03:13:14'),(703,146,2,4,'Dùng tạm ổn, nhưng không có gì đặc sắc để khiến tôi nhớ đến sản phẩm này.','2025-05-20 03:13:14'),(704,146,3,5,'Sản phẩm rất tốt, tôi sẽ giới thiệu cho tất cả bạn bè và người thân của mình.','2025-05-20 03:13:14'),(705,146,4,4,'Khá hài lòng với sản phẩm mà mình đã nhận được, hoàn toàn đúng với mô tả của shop.','2025-05-20 03:13:14'),(706,146,5,3,'Tôi không hài lòng với chất lượng chung của sản phẩm này, có vẻ không bền.','2025-05-20 03:13:14'),(707,147,1,5,'Sản phẩm trên cả sự mong đợi, tôi rất thích thú và hài lòng khi sử dụng nó.','2025-05-20 03:13:14'),(708,147,2,4,'Dùng rất thích, màu sắc và chất liệu của sản phẩm đều rất tốt và bền bỉ.','2025-05-20 03:13:14'),(709,147,3,4,'Chất lượng sản phẩm ổn định, giá cả phải chăng, đây là một lựa chọn mua tốt.','2025-05-20 03:13:14'),(710,147,4,5,'Tôi hoàn toàn hài lòng và chắc chắn sẽ tiếp tục ủng hộ shop trong tương lai.','2025-05-20 03:13:14'),(711,147,5,3,'Sản phẩm có vẻ như không được gia công và hoàn thiện một cách tỉ mỉ cho lắm.','2025-05-20 03:13:14'),(712,148,1,4,'Sản phẩm ổn, nhưng thời gian giao hàng cần được cải thiện để phục vụ tốt hơn.','2025-05-20 03:13:14'),(713,148,2,3,'Tôi không thích cách mà sản phẩm này được đóng gói và vận chuyển đến tay tôi.','2025-05-20 03:13:14'),(714,148,3,5,'Sản phẩm quá tốt, tôi rất ưng ý! Đây là một sản phẩm rất đáng để mọi người mua.','2025-05-20 03:13:14'),(715,148,4,4,'Dùng khá tốt, không có bất kỳ vấn đề gì xảy ra trong quá trình sử dụng sản phẩm.','2025-05-20 03:13:14'),(716,148,5,5,'Tôi sẽ mua lại sản phẩm này nếu tôi có nhu cầu sử dụng nó trong tương lai gần.','2025-05-20 03:13:14'),(717,149,1,5,'Đây chính xác là sản phẩm mà tôi đã tìm kiếm bấy lâu nay rồi! Rất ưng ý.','2025-05-20 03:13:14'),(718,149,2,4,'Sản phẩm tốt, hoàn toàn xứng đáng với số tiền mà tôi đã bỏ ra để mua nó.','2025-05-20 03:13:14'),(719,149,3,3,'Tôi cảm thấy sản phẩm này không thực sự cần thiết cho nhu cầu sử dụng của tôi.','2025-05-20 03:13:14'),(720,149,4,4,'Dùng ổn, nhưng thiếu một vài tính năng nhỏ mà tôi đã mong đợi ở sản phẩm này.','2025-05-20 03:13:14'),(721,149,5,5,'Tôi rất hài lòng với sản phẩm và sự hỗ trợ nhiệt tình từ phía cửa hàng.','2025-05-20 03:13:14'),(722,150,1,4,'Sản phẩm dùng được, nhưng không có điểm gì đặc biệt để tôi phải nhớ đến cả.','2025-05-20 03:13:14'),(723,150,2,5,'Tôi rất thích sản phẩm này, cảm ơn shop rất nhiều vì đã cung cấp sản phẩm tốt.','2025-05-20 03:13:14'),(724,150,3,3,'Chất lượng sản phẩm không được như những đánh giá tích cực mà tôi đã đọc trước đó.','2025-05-20 03:13:14'),(725,150,4,4,'Khá ổn, nhưng cần xem xét kỹ hơn về chất liệu sản phẩm trước khi quyết định mua.','2025-05-20 03:13:14'),(726,150,5,5,'Sản phẩm tuyệt vời, tôi sẽ tiếp tục ủng hộ shop và giới thiệu cho bạn bè, người thân.','2025-05-20 03:13:14'),(727,151,1,5,'Rất hài lòng về sản phẩm và thái độ phục vụ chuyên nghiệp của nhân viên cửa hàng.','2025-05-20 03:13:14'),(728,151,2,4,'Sản phẩm tốt, quá trình giao hàng diễn ra rất nhanh chóng và thuận tiện cho tôi.','2025-05-20 03:13:14'),(729,151,3,3,'Tôi không thích chất liệu và thiết kế tổng thể của sản phẩm này, có vẻ không hợp.','2025-05-20 03:13:14'),(730,151,4,4,'Dùng tốt, nhưng giá có vẻ hơi cao so với các sản phẩm tương tự trên thị trường hiện nay.','2025-05-20 03:13:14'),(731,151,5,5,'Đây là một sản phẩm tuyệt vời, tôi rất khuyến khích mọi người nên mua và trải nghiệm!','2025-05-20 03:13:14'),(732,152,1,3,'Sản phẩm không đúng với những gì mà hình ảnh đã hiển thị trên trang web bán hàng.','2025-05-20 03:13:14'),(733,152,2,4,'Dùng tạm được, nhưng độ bền của sản phẩm có vẻ như không được cao lắm.','2025-05-20 03:13:14'),(734,152,3,5,'Chất lượng sản phẩm thực sự rất ấn tượng và vượt trội so với những gì tôi mong đợi!','2025-05-20 03:13:14'),(735,152,4,4,'Tôi khá hài lòng với sản phẩm mà mình đã nhận được từ cửa hàng, đúng như mô tả.','2025-05-20 03:13:14'),(736,152,5,3,'Tôi sẽ cân nhắc kỹ lưỡng trước khi quyết định mua lại sản phẩm này lần nữa.','2025-05-20 03:13:14'),(737,153,1,5,'Sản phẩm trên cả sự mong đợi, tôi vô cùng hài lòng khi sử dụng sản phẩm này.','2025-05-20 03:13:14'),(738,153,2,4,'Dùng rất thích, màu sắc và kiểu dáng của sản phẩm đều rất đẹp và bắt mắt.','2025-05-20 03:13:14'),(739,153,3,5,'Shop phục vụ rất tận tình và chu đáo, sản phẩm chất lượng tuyệt hảo, không có gì để chê.','2025-05-20 03:13:14'),(740,153,4,4,'Cảm ơn shop vì sản phẩm tốt và quá trình giao hàng diễn ra một cách nhanh chóng.','2025-05-20 03:13:14'),(741,153,5,3,'Sản phẩm có vẻ như không được gia công và hoàn thiện một cách chắc chắn.','2025-05-20 03:13:14'),(742,154,1,4,'Sản phẩm dùng được, nhưng không có điểm gì đặc biệt để tôi phải khen ngợi.','2025-05-20 03:13:14'),(743,154,2,3,'Tôi không thích cách sản phẩm này hoạt động và cảm giác mà nó mang lại khi sử dụng.','2025-05-20 03:13:14'),(744,154,3,5,'Sản phẩm rất tốt, tôi chắc chắn sẽ mua lại sản phẩm này một lần nữa trong tương lai.','2025-05-20 03:13:14'),(745,154,4,4,'Dùng khá ổn, không có vấn đề gì đáng lo ngại xảy ra trong quá trình sử dụng sản phẩm.','2025-05-20 03:13:14'),(746,154,5,5,'Tôi rất ưng ý với sản phẩm này, cảm ơn shop rất nhiều vì đã cung cấp!','2025-05-20 03:13:14'),(747,155,1,5,'Đây là sản phẩm tốt nhất mà tôi từng mua online, hoàn toàn xứng đáng với giá tiền.','2025-05-20 03:13:14'),(748,155,2,4,'Sản phẩm chất lượng tốt, quá trình đóng gói sản phẩm rất cẩn thận và chu đáo.','2025-05-20 03:13:14'),(749,155,3,3,'Tôi cảm thấy sản phẩm này không đáng với số tiền mà mình đã bỏ ra để mua nó.','2025-05-20 03:13:14'),(750,155,4,4,'Dùng tốt, nhưng cần cải thiện thêm về hướng dẫn sử dụng sản phẩm chi tiết hơn.','2025-05-20 03:13:14'),(751,155,5,5,'Hoàn toàn hài lòng, cảm ơn shop rất nhiều vì đã cung cấp một sản phẩm tuyệt vời.','2025-05-20 03:13:14'),(752,156,1,3,'Sản phẩm không giống với những gì mà hình ảnh quảng cáo đã thể hiện trên mạng.','2025-05-20 03:13:14'),(753,156,2,4,'Dùng tạm ổn, nhưng không có gì đặc sắc để khiến tôi nhớ đến sản phẩm này.','2025-05-20 03:13:14'),(754,156,3,5,'Sản phẩm rất tốt, tôi sẽ giới thiệu cho tất cả bạn bè và người thân của mình.','2025-05-20 03:13:14'),(755,156,4,4,'Khá hài lòng với sản phẩm mà mình đã nhận được, hoàn toàn đúng với mô tả của shop.','2025-05-20 03:13:14'),(756,156,5,3,'Tôi không hài lòng với chất lượng chung của sản phẩm này, có vẻ không bền.','2025-05-20 03:13:14'),(757,157,1,5,'Sản phẩm trên cả sự mong đợi, tôi rất thích thú và hài lòng khi sử dụng nó.','2025-05-20 03:13:14'),(758,157,2,4,'Dùng rất thích, màu sắc và chất liệu của sản phẩm đều rất tốt và bền bỉ.','2025-05-20 03:13:14'),(759,157,3,4,'Chất lượng sản phẩm ổn định, giá cả phải chăng, đây là một lựa chọn mua tốt.','2025-05-20 03:13:14'),(760,157,4,5,'Tôi hoàn toàn hài lòng và chắc chắn sẽ tiếp tục ủng hộ shop trong tương lai.','2025-05-20 03:13:14'),(761,157,5,3,'Sản phẩm có vẻ như không được gia công và hoàn thiện một cách tỉ mỉ cho lắm.','2025-05-20 03:13:14'),(762,158,1,4,'Sản phẩm ổn, nhưng thời gian giao hàng cần được cải thiện để phục vụ tốt hơn.','2025-05-20 03:13:14'),(763,158,2,3,'Tôi không thích cách mà sản phẩm này được đóng gói và vận chuyển đến tay tôi.','2025-05-20 03:13:14'),(764,158,3,5,'Sản phẩm quá tốt, tôi rất ưng ý! Đây là một sản phẩm rất đáng để mọi người mua.','2025-05-20 03:13:14'),(765,158,4,4,'Dùng khá tốt, không có bất kỳ vấn đề gì xảy ra trong quá trình sử dụng sản phẩm.','2025-05-20 03:13:14'),(766,158,5,5,'Tôi sẽ mua lại sản phẩm này nếu tôi có nhu cầu sử dụng nó trong tương lai gần.','2025-05-20 03:13:14'),(767,159,1,5,'Đây chính xác là sản phẩm mà tôi đã tìm kiếm bấy lâu nay rồi! Rất ưng ý.','2025-05-20 03:13:14'),(768,159,2,4,'Sản phẩm tốt, hoàn toàn xứng đáng với số tiền mà tôi đã bỏ ra để mua nó.','2025-05-20 03:13:14'),(769,159,3,3,'Tôi cảm thấy sản phẩm này không thực sự cần thiết cho nhu cầu sử dụng của tôi.','2025-05-20 03:13:14'),(770,159,4,4,'Dùng ổn, nhưng thiếu một vài tính năng nhỏ mà tôi đã mong đợi ở sản phẩm này.','2025-05-20 03:13:14'),(771,159,5,5,'Tôi rất hài lòng với sản phẩm và sự hỗ trợ nhiệt tình từ phía cửa hàng.','2025-05-20 03:13:14'),(772,160,1,4,'Sản phẩm dùng được, nhưng không có điểm gì đặc biệt để tôi phải nhớ đến cả.','2025-05-20 03:13:14'),(773,160,2,5,'Tôi rất thích sản phẩm này, cảm ơn shop rất nhiều vì đã cung cấp sản phẩm tốt.','2025-05-20 03:13:14'),(774,160,3,3,'Chất lượng sản phẩm không được như những đánh giá tích cực mà tôi đã đọc trước đó.','2025-05-20 03:13:14'),(775,160,4,4,'Khá ổn, nhưng cần xem xét kỹ hơn về chất liệu sản phẩm trước khi quyết định mua.','2025-05-20 03:13:14'),(776,160,5,5,'Sản phẩm tuyệt vời, tôi sẽ tiếp tục ủng hộ shop và giới thiệu cho bạn bè, người thân.','2025-05-20 03:13:14'),(777,161,1,5,'Rất hài lòng về sản phẩm và thái độ phục vụ chuyên nghiệp của nhân viên cửa hàng.','2025-05-20 03:13:14'),(778,161,2,4,'Sản phẩm tốt, quá trình giao hàng diễn ra rất nhanh chóng và thuận tiện cho tôi.','2025-05-20 03:13:14'),(779,161,3,3,'Tôi không thích chất liệu và thiết kế tổng thể của sản phẩm này, có vẻ không hợp.','2025-05-20 03:13:14'),(780,161,4,4,'Dùng tốt, nhưng giá có vẻ hơi cao so với các sản phẩm tương tự trên thị trường hiện nay.','2025-05-20 03:13:14'),(781,161,5,5,'Đây là một sản phẩm tuyệt vời, tôi rất khuyến khích mọi người nên mua và trải nghiệm!','2025-05-20 03:13:14'),(782,162,1,3,'Sản phẩm không đúng với những gì mà hình ảnh đã hiển thị trên trang web bán hàng.','2025-05-20 03:13:14'),(783,162,2,4,'Dùng tạm được, nhưng độ bền của sản phẩm có vẻ như không được cao lắm.','2025-05-20 03:13:14'),(784,162,3,5,'Chất lượng sản phẩm thực sự rất ấn tượng và vượt trội so với những gì tôi mong đợi!','2025-05-20 03:13:14'),(785,162,4,4,'Tôi khá hài lòng với sản phẩm mà mình đã nhận được từ cửa hàng, đúng như mô tả.','2025-05-20 03:13:14'),(786,162,5,3,'Tôi sẽ cân nhắc kỹ lưỡng trước khi quyết định mua lại sản phẩm này lần nữa.','2025-05-20 03:13:14'),(787,163,1,5,'Sản phẩm trên cả sự mong đợi, tôi vô cùng hài lòng khi sử dụng sản phẩm này.','2025-05-20 03:13:14'),(788,163,2,4,'Dùng rất thích, màu sắc và kiểu dáng của sản phẩm đều rất đẹp và bắt mắt.','2025-05-20 03:13:14'),(789,163,3,5,'Shop phục vụ rất tận tình và chu đáo, sản phẩm chất lượng tuyệt hảo, không có gì để chê.','2025-05-20 03:13:14'),(790,163,4,4,'Cảm ơn shop vì sản phẩm tốt và quá trình giao hàng diễn ra một cách nhanh chóng.','2025-05-20 03:13:14'),(791,163,5,3,'Sản phẩm có vẻ như không được gia công và hoàn thiện một cách chắc chắn.','2025-05-20 03:13:14'),(792,164,1,4,'Sản phẩm dùng được, nhưng không có điểm gì đặc biệt để tôi phải khen ngợi.','2025-05-20 03:13:14'),(793,164,2,3,'Tôi không thích cách sản phẩm này hoạt động và cảm giác mà nó mang lại khi sử dụng.','2025-05-20 03:13:14'),(794,164,3,5,'Sản phẩm rất tốt, tôi chắc chắn sẽ mua lại sản phẩm này một lần nữa trong tương lai.','2025-05-20 03:13:14'),(795,164,4,4,'Dùng khá ổn, không có vấn đề gì đáng lo ngại xảy ra trong quá trình sử dụng sản phẩm.','2025-05-20 03:13:14'),(796,164,5,5,'Tôi rất ưng ý với sản phẩm này, cảm ơn shop rất nhiều vì đã cung cấp!','2025-05-20 03:13:14'),(797,165,1,5,'Đây là sản phẩm tốt nhất mà tôi từng mua online, hoàn toàn xứng đáng với giá tiền.','2025-05-20 03:13:14'),(798,165,2,4,'Sản phẩm chất lượng tốt, quá trình đóng gói sản phẩm rất cẩn thận và chu đáo.','2025-05-20 03:13:14'),(799,165,3,3,'Tôi cảm thấy sản phẩm này không đáng với số tiền mà mình đã bỏ ra để mua nó.','2025-05-20 03:13:14'),(800,165,4,4,'Dùng tốt, nhưng cần cải thiện thêm về hướng dẫn sử dụng sản phẩm chi tiết hơn.','2025-05-20 03:13:14'),(801,165,5,5,'Hoàn toàn hài lòng, cảm ơn shop rất nhiều vì đã cung cấp một sản phẩm tuyệt vời.','2025-05-20 03:13:14'),(802,166,1,3,'Sản phẩm không giống với những gì mà hình ảnh quảng cáo đã thể hiện trên mạng.','2025-05-20 03:13:14'),(803,166,2,4,'Dùng tạm ổn, nhưng không có gì đặc sắc để khiến tôi nhớ đến sản phẩm này.','2025-05-20 03:13:14'),(804,166,3,5,'Sản phẩm rất tốt, tôi sẽ giới thiệu cho tất cả bạn bè và người thân của mình.','2025-05-20 03:13:14'),(805,166,4,4,'Khá hài lòng với sản phẩm mà mình đã nhận được, hoàn toàn đúng với mô tả của shop.','2025-05-20 03:13:14'),(806,166,5,3,'Tôi không hài lòng với chất lượng chung của sản phẩm này, có vẻ không bền.','2025-05-20 03:13:14'),(807,167,1,5,'Sản phẩm trên cả sự mong đợi, tôi rất thích thú và hài lòng khi sử dụng nó.','2025-05-20 03:13:14'),(808,167,2,4,'Dùng rất thích, màu sắc và chất liệu của sản phẩm đều rất tốt và bền bỉ.','2025-05-20 03:13:14'),(809,167,3,4,'Chất lượng sản phẩm ổn định, giá cả phải chăng, đây là một lựa chọn mua tốt.','2025-05-20 03:13:14'),(810,167,4,5,'Tôi hoàn toàn hài lòng và chắc chắn sẽ tiếp tục ủng hộ shop trong tương lai.','2025-05-20 03:13:14'),(811,167,5,3,'Sản phẩm có vẻ như không được gia công và hoàn thiện một cách tỉ mỉ cho lắm.','2025-05-20 03:13:14'),(812,168,1,4,'Sản phẩm ổn, nhưng thời gian giao hàng cần được cải thiện để phục vụ tốt hơn.','2025-05-20 03:13:14'),(813,168,2,3,'Tôi không thích cách mà sản phẩm này được đóng gói và vận chuyển đến tay tôi.','2025-05-20 03:13:14'),(814,168,3,5,'Sản phẩm quá tốt, tôi rất ưng ý! Đây là một sản phẩm rất đáng để mọi người mua.','2025-05-20 03:13:14'),(815,168,4,4,'Dùng khá tốt, không có bất kỳ vấn đề gì xảy ra trong quá trình sử dụng sản phẩm.','2025-05-20 03:13:14'),(816,168,5,5,'Tôi sẽ mua lại sản phẩm này nếu tôi có nhu cầu sử dụng nó trong tương lai gần.','2025-05-20 03:13:14'),(817,169,1,5,'Đây chính xác là sản phẩm mà tôi đã tìm kiếm bấy lâu nay rồi! Rất ưng ý.','2025-05-20 03:13:14'),(818,169,2,4,'Sản phẩm tốt, hoàn toàn xứng đáng với số tiền mà tôi đã bỏ ra để mua nó.','2025-05-20 03:13:14'),(819,169,3,3,'Tôi cảm thấy sản phẩm này không thực sự cần thiết cho nhu cầu sử dụng của tôi.','2025-05-20 03:13:14'),(820,169,4,4,'Dùng ổn, nhưng thiếu một vài tính năng nhỏ mà tôi đã mong đợi ở sản phẩm này.','2025-05-20 03:13:14'),(821,169,5,5,'Tôi rất hài lòng với sản phẩm và sự hỗ trợ nhiệt tình từ phía cửa hàng.','2025-05-20 03:13:14'),(822,170,1,4,'Sản phẩm dùng được, nhưng không có điểm gì đặc biệt để tôi phải nhớ đến cả.','2025-05-20 03:13:14'),(823,170,2,5,'Tôi rất thích sản phẩm này, cảm ơn shop rất nhiều vì đã cung cấp sản phẩm tốt.','2025-05-20 03:13:14'),(824,170,3,3,'Chất lượng sản phẩm không được như những đánh giá tích cực mà tôi đã đọc trước đó.','2025-05-20 03:13:14'),(825,170,4,4,'Khá ổn, nhưng cần xem xét kỹ hơn về chất liệu sản phẩm trước khi quyết định mua.','2025-05-20 03:13:14'),(826,170,5,5,'Sản phẩm tuyệt vời, tôi sẽ tiếp tục ủng hộ shop và giới thiệu cho bạn bè, người thân.','2025-05-20 03:13:14'),(827,171,1,5,'Rất hài lòng về sản phẩm và thái độ phục vụ chuyên nghiệp của nhân viên cửa hàng.','2025-05-20 03:13:14'),(828,171,2,4,'Sản phẩm tốt, quá trình giao hàng diễn ra rất nhanh chóng và thuận tiện cho tôi.','2025-05-20 03:13:14'),(829,171,3,3,'Tôi không thích chất liệu và thiết kế tổng thể của sản phẩm này, có vẻ không hợp.','2025-05-20 03:13:14'),(830,171,4,4,'Dùng tốt, nhưng giá có vẻ hơi cao so với các sản phẩm tương tự trên thị trường hiện nay.','2025-05-20 03:13:14'),(831,171,5,5,'Đây là một sản phẩm tuyệt vời, tôi rất khuyến khích mọi người nên mua và trải nghiệm!','2025-05-20 03:13:14'),(832,172,1,3,'Sản phẩm không đúng với những gì mà hình ảnh đã hiển thị trên trang web bán hàng.','2025-05-20 03:13:14'),(833,172,2,4,'Dùng tạm được, nhưng độ bền của sản phẩm có vẻ như không được cao lắm.','2025-05-20 03:13:14'),(834,172,3,5,'Chất lượng sản phẩm thực sự rất ấn tượng và vượt trội so với những gì tôi mong đợi!','2025-05-20 03:13:14'),(835,172,4,4,'Tôi khá hài lòng với sản phẩm mà mình đã nhận được từ cửa hàng, đúng như mô tả.','2025-05-20 03:13:14'),(836,172,5,3,'Tôi sẽ cân nhắc kỹ lưỡng trước khi quyết định mua lại sản phẩm này lần nữa.','2025-05-20 03:13:14'),(837,173,1,5,'Sản phẩm trên cả sự mong đợi, tôi vô cùng hài lòng khi sử dụng sản phẩm này.','2025-05-20 03:13:14'),(838,173,2,4,'Dùng rất thích, màu sắc và kiểu dáng của sản phẩm đều rất đẹp và bắt mắt.','2025-05-20 03:13:14'),(839,173,3,5,'Shop phục vụ rất tận tình và chu đáo, sản phẩm chất lượng tuyệt hảo, không có gì để chê.','2025-05-20 03:13:14'),(840,173,4,4,'Cảm ơn shop vì sản phẩm tốt và quá trình giao hàng diễn ra một cách nhanh chóng.','2025-05-20 03:13:14'),(841,173,5,3,'Sản phẩm có vẻ như không được gia công và hoàn thiện một cách chắc chắn.','2025-05-20 03:13:14'),(842,174,1,4,'Sản phẩm dùng được, nhưng không có điểm gì đặc biệt để tôi phải khen ngợi.','2025-05-20 03:13:14'),(843,174,2,3,'Tôi không thích cách sản phẩm này hoạt động và cảm giác mà nó mang lại khi sử dụng.','2025-05-20 03:13:14'),(844,174,3,5,'Sản phẩm rất tốt, tôi chắc chắn sẽ mua lại sản phẩm này một lần nữa trong tương lai.','2025-05-20 03:13:14'),(845,174,4,4,'Dùng khá ổn, không có vấn đề gì đáng lo ngại xảy ra trong quá trình sử dụng sản phẩm.','2025-05-20 03:13:14'),(846,174,5,5,'Tôi rất ưng ý với sản phẩm này, cảm ơn shop rất nhiều vì đã cung cấp!','2025-05-20 03:13:14'),(847,175,1,5,'Đây là sản phẩm tốt nhất mà tôi từng mua online, hoàn toàn xứng đáng với giá tiền.','2025-05-20 03:13:14'),(848,175,2,4,'Sản phẩm chất lượng tốt, quá trình đóng gói sản phẩm rất cẩn thận và chu đáo.','2025-05-20 03:13:14'),(849,175,3,3,'Tôi cảm thấy sản phẩm này không đáng với số tiền mà mình đã bỏ ra để mua nó.','2025-05-20 03:13:14'),(850,175,4,4,'Dùng tốt, nhưng cần cải thiện thêm về hướng dẫn sử dụng sản phẩm chi tiết hơn.','2025-05-20 03:13:14'),(851,175,5,5,'Hoàn toàn hài lòng, cảm ơn shop rất nhiều vì đã cung cấp một sản phẩm tuyệt vời.','2025-05-20 03:13:14'),(852,176,1,3,'Sản phẩm không giống với những gì mà hình ảnh quảng cáo đã thể hiện trên mạng.','2025-05-20 03:13:14'),(853,176,2,4,'Dùng tạm ổn, nhưng không có gì đặc sắc để khiến tôi nhớ đến sản phẩm này.','2025-05-20 03:13:14'),(854,176,3,5,'Sản phẩm rất tốt, tôi sẽ giới thiệu cho tất cả bạn bè và người thân của mình.','2025-05-20 03:13:14'),(855,176,4,4,'Khá hài lòng với sản phẩm mà mình đã nhận được, hoàn toàn đúng với mô tả của shop.','2025-05-20 03:13:14'),(856,176,5,3,'Tôi không hài lòng với chất lượng chung của sản phẩm này, có vẻ không bền.','2025-05-20 03:13:14'),(857,177,1,5,'Sản phẩm trên cả sự mong đợi, tôi rất thích thú và hài lòng khi sử dụng nó.','2025-05-20 03:13:14'),(858,177,2,4,'Dùng rất thích, màu sắc và chất liệu của sản phẩm đều rất tốt và bền bỉ.','2025-05-20 03:13:14'),(859,177,3,4,'Chất lượng sản phẩm ổn định, giá cả phải chăng, đây là một lựa chọn mua tốt.','2025-05-20 03:13:14'),(860,177,4,5,'Tôi hoàn toàn hài lòng và chắc chắn sẽ tiếp tục ủng hộ shop trong tương lai.','2025-05-20 03:13:14'),(861,177,5,3,'Sản phẩm có vẻ như không được gia công và hoàn thiện một cách tỉ mỉ cho lắm.','2025-05-20 03:13:14'),(862,178,1,4,'Sản phẩm ổn, nhưng thời gian giao hàng cần được cải thiện để phục vụ tốt hơn.','2025-05-20 03:13:14'),(863,178,2,3,'Tôi không thích cách mà sản phẩm này được đóng gói và vận chuyển đến tay tôi.','2025-05-20 03:13:14'),(864,178,3,5,'Sản phẩm quá tốt, tôi rất ưng ý! Đây là một sản phẩm rất đáng để mọi người mua.','2025-05-20 03:13:14'),(865,178,4,4,'Dùng khá tốt, không có bất kỳ vấn đề gì xảy ra trong quá trình sử dụng sản phẩm.','2025-05-20 03:13:14'),(866,178,5,5,'Tôi sẽ mua lại sản phẩm này nếu tôi có nhu cầu sử dụng nó trong tương lai gần.','2025-05-20 03:13:14'),(867,179,1,5,'Đây chính xác là sản phẩm mà tôi đã tìm kiếm bấy lâu nay rồi! Rất ưng ý.','2025-05-20 03:13:14'),(868,179,2,4,'Sản phẩm tốt, hoàn toàn xứng đáng với số tiền mà tôi đã bỏ ra để mua nó.','2025-05-20 03:13:14'),(869,179,3,3,'Tôi cảm thấy sản phẩm này không thực sự cần thiết cho nhu cầu sử dụng của tôi.','2025-05-20 03:13:14'),(870,179,4,4,'Dùng ổn, nhưng thiếu một vài tính năng nhỏ mà tôi đã mong đợi ở sản phẩm này.','2025-05-20 03:13:14'),(871,179,5,5,'Tôi rất hài lòng với sản phẩm và sự hỗ trợ nhiệt tình từ phía cửa hàng.','2025-05-20 03:13:14'),(872,180,1,4,'Sản phẩm dùng được, nhưng không có điểm gì đặc biệt để tôi phải nhớ đến cả.','2025-05-20 03:13:14'),(873,180,2,5,'Tôi rất thích sản phẩm này, cảm ơn shop rất nhiều vì đã cung cấp sản phẩm tốt.','2025-05-20 03:13:14'),(874,180,3,3,'Chất lượng sản phẩm không được như những đánh giá tích cực mà tôi đã đọc trước đó.','2025-05-20 03:13:14'),(875,180,4,4,'Khá ổn, nhưng cần xem xét kỹ hơn về chất liệu sản phẩm trước khi quyết định mua.','2025-05-20 03:13:14'),(876,180,5,5,'Sản phẩm tuyệt vời, tôi sẽ tiếp tục ủng hộ shop và giới thiệu cho bạn bè, người thân.','2025-05-20 03:13:14'),(877,181,1,5,'Rất hài lòng về sản phẩm và thái độ phục vụ chuyên nghiệp của nhân viên cửa hàng.','2025-05-20 03:13:14'),(878,181,2,4,'Sản phẩm tốt, quá trình giao hàng diễn ra rất nhanh chóng và thuận tiện cho tôi.','2025-05-20 03:13:14'),(879,181,3,3,'Tôi không thích chất liệu và thiết kế tổng thể của sản phẩm này, có vẻ không hợp.','2025-05-20 03:13:14'),(880,181,4,4,'Dùng tốt, nhưng giá có vẻ hơi cao so với các sản phẩm tương tự trên thị trường hiện nay.','2025-05-20 03:13:14'),(881,181,5,5,'Đây là một sản phẩm tuyệt vời, tôi rất khuyến khích mọi người nên mua và trải nghiệm!','2025-05-20 03:13:14'),(882,182,1,3,'Sản phẩm không đúng với những gì mà hình ảnh đã hiển thị trên trang web bán hàng.','2025-05-20 03:13:14'),(883,182,2,4,'Dùng tạm được, nhưng độ bền của sản phẩm có vẻ như không được cao lắm.','2025-05-20 03:13:14'),(884,182,3,5,'Chất lượng sản phẩm thực sự rất ấn tượng và vượt trội so với những gì tôi mong đợi!','2025-05-20 03:13:14'),(885,182,4,4,'Tôi khá hài lòng với sản phẩm mà mình đã nhận được từ cửa hàng, đúng như mô tả.','2025-05-20 03:13:14'),(886,182,5,3,'Tôi sẽ cân nhắc kỹ lưỡng trước khi quyết định mua lại sản phẩm này lần nữa.','2025-05-20 03:13:14'),(887,183,1,5,'Sản phẩm trên cả sự mong đợi, tôi vô cùng hài lòng khi sử dụng sản phẩm này.','2025-05-20 03:13:14'),(888,183,2,4,'Dùng rất thích, màu sắc và kiểu dáng của sản phẩm đều rất đẹp và bắt mắt.','2025-05-20 03:13:14'),(889,183,3,5,'Shop phục vụ rất tận tình và chu đáo, sản phẩm chất lượng tuyệt hảo, không có gì để chê.','2025-05-20 03:13:14'),(890,183,4,4,'Cảm ơn shop vì sản phẩm tốt và quá trình giao hàng diễn ra một cách nhanh chóng.','2025-05-20 03:13:14'),(891,183,5,3,'Sản phẩm có vẻ như không được gia công và hoàn thiện một cách chắc chắn.','2025-05-20 03:13:14'),(892,184,1,4,'Sản phẩm dùng được, nhưng không có điểm gì đặc biệt để tôi phải khen ngợi.','2025-05-20 03:13:14'),(893,184,2,3,'Tôi không thích cách sản phẩm này hoạt động và cảm giác mà nó mang lại khi sử dụng.','2025-05-20 03:13:14'),(894,184,3,5,'Sản phẩm rất tốt, tôi chắc chắn sẽ mua lại sản phẩm này một lần nữa trong tương lai.','2025-05-20 03:13:14'),(895,184,4,4,'Dùng khá ổn, không có vấn đề gì đáng lo ngại xảy ra trong quá trình sử dụng sản phẩm.','2025-05-20 03:13:14'),(896,184,5,5,'Tôi rất ưng ý với sản phẩm này, cảm ơn shop rất nhiều vì đã cung cấp!','2025-05-20 03:13:14'),(897,185,1,5,'Đây là sản phẩm tốt nhất mà tôi từng mua online, hoàn toàn xứng đáng với giá tiền.','2025-05-20 03:13:14'),(898,185,2,4,'Sản phẩm chất lượng tốt, quá trình đóng gói sản phẩm rất cẩn thận và chu đáo.','2025-05-20 03:13:14'),(899,185,3,3,'Tôi cảm thấy sản phẩm này không đáng với số tiền mà mình đã bỏ ra để mua nó.','2025-05-20 03:13:14'),(900,185,4,4,'Dùng tốt, nhưng cần cải thiện thêm về hướng dẫn sử dụng sản phẩm chi tiết hơn.','2025-05-20 03:13:14'),(901,185,5,5,'Hoàn toàn hài lòng, cảm ơn shop rất nhiều vì đã cung cấp một sản phẩm tuyệt vời.','2025-05-20 03:13:14'),(902,186,1,3,'Sản phẩm không giống với những gì mà hình ảnh quảng cáo đã thể hiện trên mạng.','2025-05-20 03:13:14'),(903,186,2,4,'Dùng tạm ổn, nhưng không có gì đặc sắc để khiến tôi nhớ đến sản phẩm này.','2025-05-20 03:13:14'),(904,186,3,5,'Sản phẩm rất tốt, tôi sẽ giới thiệu cho tất cả bạn bè và người thân của mình.','2025-05-20 03:13:14'),(905,186,4,4,'Khá hài lòng với sản phẩm mà mình đã nhận được, hoàn toàn đúng với mô tả của shop.','2025-05-20 03:13:14'),(906,186,5,3,'Tôi không hài lòng với chất lượng chung của sản phẩm này, có vẻ không bền.','2025-05-20 03:13:14'),(907,187,1,5,'Sản phẩm trên cả sự mong đợi, tôi rất thích thú và hài lòng khi sử dụng nó.','2025-05-20 03:13:14'),(908,187,2,4,'Dùng rất thích, màu sắc và chất liệu của sản phẩm đều rất tốt và bền bỉ.','2025-05-20 03:13:14'),(909,187,3,4,'Chất lượng sản phẩm ổn định, giá cả phải chăng, đây là một lựa chọn mua tốt.','2025-05-20 03:13:14'),(910,187,4,5,'Tôi hoàn toàn hài lòng và chắc chắn sẽ tiếp tục ủng hộ shop trong tương lai.','2025-05-20 03:13:14'),(911,187,5,3,'Sản phẩm có vẻ như không được gia công và hoàn thiện một cách tỉ mỉ cho lắm.','2025-05-20 03:13:14'),(912,188,1,4,'Sản phẩm ổn, nhưng thời gian giao hàng cần được cải thiện để phục vụ tốt hơn.','2025-05-20 03:13:14'),(913,188,2,3,'Tôi không thích cách mà sản phẩm này được đóng gói và vận chuyển đến tay tôi.','2025-05-20 03:13:14'),(914,188,3,5,'Sản phẩm quá tốt, tôi rất ưng ý! Đây là một sản phẩm rất đáng để mọi người mua.','2025-05-20 03:13:14'),(915,188,4,4,'Dùng khá tốt, không có bất kỳ vấn đề gì xảy ra trong quá trình sử dụng sản phẩm.','2025-05-20 03:13:14'),(916,188,5,5,'Tôi sẽ mua lại sản phẩm này nếu tôi có nhu cầu sử dụng nó trong tương lai gần.','2025-05-20 03:13:14'),(917,189,1,5,'Đây chính xác là sản phẩm mà tôi đã tìm kiếm bấy lâu nay rồi! Rất ưng ý.','2025-05-20 03:13:14'),(918,189,2,4,'Sản phẩm tốt, hoàn toàn xứng đáng với số tiền mà tôi đã bỏ ra để mua nó.','2025-05-20 03:13:14'),(919,189,3,3,'Tôi cảm thấy sản phẩm này không thực sự cần thiết cho nhu cầu sử dụng của tôi.','2025-05-20 03:13:14'),(920,189,4,4,'Dùng ổn, nhưng thiếu một vài tính năng nhỏ mà tôi đã mong đợi ở sản phẩm này.','2025-05-20 03:13:14'),(921,189,5,5,'Tôi rất hài lòng với sản phẩm và sự hỗ trợ nhiệt tình từ phía cửa hàng.','2025-05-20 03:13:14'),(922,190,1,4,'Sản phẩm dùng được, nhưng không có điểm gì đặc biệt để tôi phải nhớ đến cả.','2025-05-20 03:13:14'),(923,190,2,5,'Tôi rất thích sản phẩm này, cảm ơn shop rất nhiều vì đã cung cấp sản phẩm tốt.','2025-05-20 03:13:14'),(924,190,3,3,'Chất lượng sản phẩm không được như những đánh giá tích cực mà tôi đã đọc trước đó.','2025-05-20 03:13:14'),(925,190,4,4,'Khá ổn, nhưng cần xem xét kỹ hơn về chất liệu sản phẩm trước khi quyết định mua.','2025-05-20 03:13:14'),(926,190,5,5,'Sản phẩm tuyệt vời, tôi sẽ tiếp tục ủng hộ shop và giới thiệu cho bạn bè, người thân.','2025-05-20 03:13:14'),(927,191,1,5,'Rất hài lòng về sản phẩm và thái độ phục vụ chuyên nghiệp của nhân viên cửa hàng.','2025-05-20 03:13:14'),(928,191,2,4,'Sản phẩm tốt, quá trình giao hàng diễn ra rất nhanh chóng và thuận tiện cho tôi.','2025-05-20 03:13:14'),(929,191,3,3,'Tôi không thích chất liệu và thiết kế tổng thể của sản phẩm này, có vẻ không hợp.','2025-05-20 03:13:14'),(930,191,4,4,'Dùng tốt, nhưng giá có vẻ hơi cao so với các sản phẩm tương tự trên thị trường hiện nay.','2025-05-20 03:13:14'),(931,191,5,5,'Đây là một sản phẩm tuyệt vời, tôi rất khuyến khích mọi người nên mua và trải nghiệm!','2025-05-20 03:13:14'),(932,192,1,3,'Sản phẩm không đúng với những gì mà hình ảnh đã hiển thị trên trang web bán hàng.','2025-05-20 03:13:14'),(933,192,2,4,'Dùng tạm được, nhưng độ bền của sản phẩm có vẻ như không được cao lắm.','2025-05-20 03:13:14'),(934,192,3,5,'Chất lượng sản phẩm thực sự rất ấn tượng và vượt trội so với những gì tôi mong đợi!','2025-05-20 03:13:14'),(935,192,4,4,'Tôi khá hài lòng với sản phẩm mà mình đã nhận được từ cửa hàng, đúng như mô tả.','2025-05-20 03:13:14'),(936,192,5,3,'Tôi sẽ cân nhắc kỹ lưỡng trước khi quyết định mua lại sản phẩm này lần nữa.','2025-05-20 03:13:14'),(937,193,1,5,'Sản phẩm trên cả sự mong đợi, tôi vô cùng hài lòng khi sử dụng sản phẩm này.','2025-05-20 03:13:14'),(938,193,2,4,'Dùng rất thích, màu sắc và kiểu dáng của sản phẩm đều rất đẹp và bắt mắt.','2025-05-20 03:13:14'),(939,193,3,5,'Shop phục vụ rất tận tình và chu đáo, sản phẩm chất lượng tuyệt hảo, không có gì để chê.','2025-05-20 03:13:14'),(940,193,4,4,'Cảm ơn shop vì sản phẩm tốt và quá trình giao hàng diễn ra một cách nhanh chóng.','2025-05-20 03:13:14'),(941,193,5,3,'Sản phẩm có vẻ như không được gia công và hoàn thiện một cách chắc chắn.','2025-05-20 03:13:14'),(942,194,1,4,'Sản phẩm dùng được, nhưng không có điểm gì đặc biệt để tôi phải khen ngợi.','2025-05-20 03:13:14'),(943,194,2,3,'Tôi không thích cách sản phẩm này hoạt động và cảm giác mà nó mang lại khi sử dụng.','2025-05-20 03:13:14'),(944,194,3,5,'Sản phẩm rất tốt, tôi chắc chắn sẽ mua lại sản phẩm này một lần nữa trong tương lai.','2025-05-20 03:13:14'),(945,194,4,4,'Dùng khá ổn, không có vấn đề gì đáng lo ngại xảy ra trong quá trình sử dụng sản phẩm.','2025-05-20 03:13:14'),(946,194,5,5,'Tôi rất ưng ý với sản phẩm này, cảm ơn shop rất nhiều vì đã cung cấp!','2025-05-20 03:13:14'),(947,195,1,5,'Đây là sản phẩm tốt nhất mà tôi từng mua online, hoàn toàn xứng đáng với giá tiền.','2025-05-20 03:13:14'),(948,195,2,4,'Sản phẩm chất lượng tốt, quá trình đóng gói sản phẩm rất cẩn thận và chu đáo.','2025-05-20 03:13:14'),(949,195,3,3,'Tôi cảm thấy sản phẩm này không đáng với số tiền mà mình đã bỏ ra để mua nó.','2025-05-20 03:13:14'),(950,195,4,4,'Dùng tốt, nhưng cần cải thiện thêm về hướng dẫn sử dụng sản phẩm chi tiết hơn.','2025-05-20 03:13:14'),(951,195,5,5,'Hoàn toàn hài lòng, cảm ơn shop rất nhiều vì đã cung cấp một sản phẩm tuyệt vời.','2025-05-20 03:13:14'),(952,196,1,3,'Sản phẩm không giống với những gì mà hình ảnh quảng cáo đã thể hiện trên mạng.','2025-05-20 03:13:14'),(953,196,2,4,'Dùng tạm ổn, nhưng không có gì đặc sắc để khiến tôi nhớ đến sản phẩm này.','2025-05-20 03:13:14'),(954,196,3,5,'Sản phẩm rất tốt, tôi sẽ giới thiệu cho tất cả bạn bè và người thân của mình.','2025-05-20 03:13:14'),(955,196,4,4,'Khá hài lòng với sản phẩm mà mình đã nhận được, hoàn toàn đúng với mô tả của shop.','2025-05-20 03:13:14'),(956,196,5,3,'Tôi không hài lòng với chất lượng chung của sản phẩm này, có vẻ không bền.','2025-05-20 03:13:14'),(957,197,1,5,'Sản phẩm trên cả sự mong đợi, tôi rất thích thú và hài lòng khi sử dụng nó.','2025-05-20 03:13:14'),(958,197,2,4,'Dùng rất thích, màu sắc và chất liệu của sản phẩm đều rất tốt và bền bỉ.','2025-05-20 03:13:14'),(959,197,3,4,'Chất lượng sản phẩm ổn định, giá cả phải chăng, đây là một lựa chọn mua tốt.','2025-05-20 03:13:14'),(960,197,4,5,'Tôi hoàn toàn hài lòng và chắc chắn sẽ tiếp tục ủng hộ shop trong tương lai.','2025-05-20 03:13:14'),(961,197,5,3,'Sản phẩm có vẻ như không được gia công và hoàn thiện một cách tỉ mỉ cho lắm.','2025-05-20 03:13:14'),(962,198,1,4,'Sản phẩm ổn, nhưng thời gian giao hàng cần được cải thiện để phục vụ tốt hơn.','2025-05-20 03:13:14'),(963,198,2,3,'Tôi không thích cách mà sản phẩm này được đóng gói và vận chuyển đến tay tôi.','2025-05-20 03:13:14'),(964,198,3,5,'Sản phẩm quá tốt, tôi rất ưng ý! Đây là một sản phẩm rất đáng để mọi người mua.','2025-05-20 03:13:14'),(965,198,4,4,'Dùng khá tốt, không có bất kỳ vấn đề gì xảy ra trong quá trình sử dụng sản phẩm.','2025-05-20 03:13:14'),(966,198,5,5,'Tôi sẽ mua lại sản phẩm này nếu tôi có nhu cầu sử dụng nó trong tương lai gần.','2025-05-20 03:13:14'),(967,199,1,5,'Đây chính xác là sản phẩm mà tôi đã tìm kiếm bấy lâu nay rồi! Rất ưng ý.','2025-05-20 03:13:14'),(968,199,2,4,'Sản phẩm tốt, hoàn toàn xứng đáng với số tiền mà tôi đã bỏ ra để mua nó.','2025-05-20 03:13:14'),(969,199,3,3,'Tôi cảm thấy sản phẩm này không thực sự cần thiết cho nhu cầu sử dụng của tôi.','2025-05-20 03:13:14'),(970,199,4,4,'Dùng ổn, nhưng thiếu một vài tính năng nhỏ mà tôi đã mong đợi ở sản phẩm này.','2025-05-20 03:13:14'),(971,199,5,5,'Tôi rất hài lòng với sản phẩm và sự hỗ trợ nhiệt tình từ phía cửa hàng.','2025-05-20 03:13:14');
/*!40000 ALTER TABLE `productreviews` ENABLE KEYS */;
UNLOCK TABLES;

--
-- Table structure for table `products`
--

DROP TABLE IF EXISTS `products`;
/*!40101 SET @saved_cs_client     = @@character_set_client */;
/*!50503 SET character_set_client = utf8mb4 */;
CREATE TABLE `products` (
  `product_id` int NOT NULL AUTO_INCREMENT,
  `category_id` int NOT NULL,
  `shop_id` int NOT NULL,
  `product_name` varchar(200) NOT NULL,
  `product_description` text,
  `product_star` double DEFAULT NULL,
  `product_review` int DEFAULT '0',
  `product_sold` int DEFAULT '0',
  `product_main_image_url` varchar(255) NOT NULL,
  `product_min_price` int DEFAULT NULL,
  `product_max_price` int DEFAULT NULL,
  `number_of_likes` int DEFAULT '0',
  `num_of_product_star` int DEFAULT '0',
  `remaining_quantity` int DEFAULT NULL,
  PRIMARY KEY (`product_id`),
  KEY `category_id` (`category_id`),
  KEY `shop_id` (`shop_id`),
  CONSTRAINT `products_ibfk_2` FOREIGN KEY (`category_id`) REFERENCES `categories` (`category_id`),
  CONSTRAINT `products_ibfk_3` FOREIGN KEY (`shop_id`) REFERENCES `shops` (`shop_id`)
) ENGINE=InnoDB AUTO_INCREMENT=200 DEFAULT CHARSET=utf8mb4 COLLATE=utf8mb4_0900_ai_ci;
/*!40101 SET character_set_client = @saved_cs_client */;

--
-- Dumping data for table `products`
--

LOCK TABLES `products` WRITE;
/*!40000 ALTER TABLE `products` DISABLE KEYS */;
INSERT INTO `products` VALUES (1,1,4,'iPhone 15 Pro Max','Màn hình 6.7 inch, chip A17 Pro, camera 48MP',4.4,511,709,'image/products/1.jpg',21600000,26400000,90,836,75),(2,1,4,'Samsung Galaxy S23 Ultra','Bút S Pen, camera 200MP, pin 5000mAh',4.6,237,910,'image/products/2.jpg',28800000,31200000,253,161,100),(3,1,4,'Xiaomi Redmi Note 12','Màn hình AMOLED 120Hz, chip Snapdragon 685',4.7,514,1779,'image/products/3.jpg',6000000,7200000,424,567,70),(4,2,4,'MacBook Pro M2 14inch','Chip Apple M2, 16GB RAM, SSD 512GB',4.5,316,1777,'image/products/4.jpg',35000000,35000000,217,506,80),(5,2,4,'Dell XPS 15','Core i7, RTX 3050, màn hình 4K OLED',4.4,162,641,'image/products/5.jpg',28000000,28000000,29,326,90),(6,2,4,'Asus TUF Gaming F15','Core i5, RTX 4050, 144Hz',4.7,845,106,'image/products/6.jpg',22000000,22000000,335,185,70),(7,3,2,'Áo thun nam Uniqlo','Chất liệu cotton 100%, co giãn tốt',4.9,590,763,'image/products/7.jpg',200000,200000,39,241,60),(8,3,3,'Quần jeans nữ Levi\'s','Dáng slim fit, màu xanh đậm',4.4,691,1447,'image/products/8.jpg',800000,800000,243,259,30),(9,3,2,'Áo khoác dù nam','Chống nước, nhiều ngăn tiện lợi',4.6,956,922,'image/products/9.jpg',350000,350000,188,493,50),(10,4,1,'Son kem lì Maybelline','Màu đỏ cam, lâu trôi',4.6,773,2060,'image/products/10.jpg',150000,150000,387,776,40),(11,4,1,'Kem chống nắng Anessa','SPF50+ PA++++, chống thấm nước',4.5,1016,1181,'image/products/11.jpg',450000,450000,424,462,10),(12,4,1,'Nước hoa hồng Laneige','Dưỡng ẩm, làm sáng da',4.6,997,1751,'image/products/12.jpg',300000,300000,163,1004,20),(13,5,5,'Nồi chiên không dầu','Dung tích 5L, công nghệ Rapid Air',4.4,742,1552,'image/products/13.jpg',1200000,1200000,298,649,50),(14,5,5,'Máy xay sinh tố','Công suất 1000W, lưỡi dao inox',4.7,897,589,'image/products/14.jpg',600000,600000,363,739,90),(15,5,5,'Bộ nồi inox 3 lớp','Chống dính, dẫn nhiệt đều',4.9,929,556,'image/products/15.jpg',900000,900000,271,877,70),(16,6,6,'Đắc Nhân Tâm','Sách kỹ năng sống bán chạy nhất',4.5,710,924,'image/products/16.jpg',80000,80000,61,224,30),(17,6,6,'Nhà Giả Kim','Tiểu thuyết kinh điển của Paulo Coelho',4.7,643,289,'image/products/17.jpg',120000,120000,367,237,40),(18,6,6,'Tư Duy Nhanh và Chậm','Sách về tâm lý học hành vi',4.7,742,1916,'image/products/18.jpg',150000,150000,253,651,20),(19,6,6,'Cafe Cùng Tony','Tập hợp những bài viết truyền cảm hứng',4.5,280,762,'image/products/19.jpg',90000,90000,503,882,30),(20,13,1,'Mặt nạ dưỡng da','Cấp ẩm sâu, làm dịu da',4.7,863,656,'image/products/20.jpg',200000,200000,496,975,100),(21,13,1,'Sữa rửa mặt dịu nhẹ','Làm sạch bụi bẩn, không gây khô da',4.6,112,117,'image/products/21.jpg',180000,180000,449,308,150),(22,13,1,'Toner cân bằng da','Cân bằng độ pH, se khít lỗ chân lông',4.8,864,1932,'image/products/22.jpg',220000,220000,89,992,120),(23,13,1,'Serum Vitamin C','Làm sáng da, chống oxy hóa',4.8,707,888,'image/products/23.jpg',350000,350000,520,864,80),(24,24,1,'Vitamin tổng hợp','Bổ sung vitamin và khoáng chất',4.9,954,726,'image/products/24.jpg',250000,250000,446,372,200),(25,24,1,'Kem dưỡng ẩm toàn thân','Dưỡng ẩm mềm mịn cho da',4.5,340,696,'image/products/25.jpg',280000,280000,330,250,180),(26,24,1,'Sữa tắm hương hoa','Làm sạch và thư giãn',4.5,161,351,'image/products/26.jpg',150000,150000,169,157,250),(27,13,1,'Kem chống nắng cho da mặt','Bảo vệ da khỏi tia UV',4.9,951,1244,'image/products/27.jpg',320000,320000,98,111,90),(28,24,1,'Dầu gội thảo dược','Làm sạch tóc và da đầu',4.6,61,1172,'image/products/28.jpg',200000,200000,344,681,160),(29,24,1,'Kem ủ tóc phục hồi','Phục hồi tóc hư tổn',4.6,209,430,'image/products/29.jpg',280000,280000,193,286,110),(30,13,1,'Tẩy tế bào chết da mặt','Loại bỏ tế bào chết, giúp da sáng mịn',4.9,53,1270,'image/products/30.jpg',220000,220000,479,884,130),(31,13,1,'Son dưỡng môi','Dưỡng ẩm và bảo vệ môi',4.6,627,1368,'image/products/31.jpg',80000,80000,241,355,300),(32,24,1,'Trà thảo mộc giảm cân','Hỗ trợ quá trình giảm cân',4.5,140,1788,'image/products/32.jpg',180000,180000,496,272,140),(33,24,1,'Nước súc miệng','Bảo vệ răng miệng',4.4,660,670,'image/products/33.jpg',120000,120000,317,166,220),(34,13,1,'Phấn phủ kiềm dầu','Giúp lớp trang điểm lâu trôi',4.6,676,1587,'image/products/34.jpg',250000,250000,441,1023,105),(35,20,1,'Mascara làm dày và dài mi','Cho đôi mắt quyến rũ',4.9,836,1913,'image/products/35.jpg',200000,200000,108,209,170),(36,24,1,'Gel rửa tay khô','Diệt khuẩn nhanh chóng',4.6,910,1094,'image/products/36.jpg',50000,50000,473,85,400),(37,20,1,'Nước tẩy trang','Làm sạch lớp trang điểm',4.8,239,1230,'image/products/37.jpg',180000,180000,150,655,190),(38,24,1,'Bông tẩy trang','Mềm mại, không xơ',4.5,452,659,'image/products/38.jpg',30000,30000,116,170,500),(39,20,1,'Kẻ mắt nước','Tạo đường kẻ sắc sảo',4.6,805,1514,'image/products/39.jpg',150000,150000,155,275,210),(40,24,1,'Kem đánh răng làm trắng','Giúp răng trắng sáng',4.8,964,1326,'image/products/40.jpg',100000,100000,183,838,280),(41,20,1,'Chì kẻ mày','Định hình và làm đậm chân mày',4.8,493,758,'image/products/41.jpg',120000,120000,179,650,230),(42,24,1,'Bàn chải đánh răng điện','Làm sạch răng hiệu quả',4.6,489,203,'image/products/42.jpg',400000,400000,490,594,60),(43,13,1,'Xịt khoáng','Cấp ẩm tức thì cho da',4.6,919,1386,'image/products/43.jpg',150000,150000,325,167,260),(44,24,1,'Khăn giấy ướt','Tiện lợi, làm sạch nhanh',4.5,481,1865,'image/products/44.jpg',40000,40000,81,1006,450),(45,20,1,'Kem nền che phủ tốt','Cho làn da đều màu',4.8,263,1730,'image/products/45.jpg',300000,300000,239,794,100),(46,24,1,'Nước hoa mini','Hương thơm quyến rũ',4.6,833,1514,'image/products/46.jpg',250000,250000,113,855,120),(47,20,1,'Phấn má hồng tự nhiên','Tạo điểm nhấn cho khuôn mặt',4.7,976,553,'image/products/47.jpg',200000,200000,197,138,150),(48,24,1,'Sữa dưỡng thể trắng da','Dưỡng trắng và mịn da',4.5,672,2056,'image/products/48.jpg',300000,300000,33,240,90),(49,20,1,'Tẩy trang mắt môi','Nhẹ nhàng làm sạch mascara và son',4.7,851,863,'image/products/49.jpg',160000,160000,273,434,180),(50,11,2,'Áo sơ mi nam công sở','Chất liệu cotton lụa, lịch lãm',4.6,897,170,'image/products/50.jpg',300000,300000,337,114,80),(51,11,2,'Quần tây nam ống đứng','Chất liệu vải cao cấp, thoải mái',4.9,949,579,'image/products/51.jpg',450000,450000,271,835,60),(52,11,2,'Áo polo nam','Chất liệu pique, năng động',4.7,802,1092,'image/products/52.jpg',250000,250000,132,677,100),(53,11,2,'Áo vest nam','Kiểu dáng slim fit, sang trọng',4.7,494,1747,'image/products/53.jpg',700000,700000,413,508,40),(54,11,2,'Giày tây nam da thật','Thiết kế cổ điển, bền bỉ',4.8,334,1349,'image/products/54.jpg',800000,800000,156,530,30),(55,12,2,'Váy liền thân nữ','Kiểu dáng thanh lịch, nữ tính',4.7,536,1446,'image/products/55.jpg',500000,500000,475,574,70),(56,12,2,'Chân váy chữ A','Dễ phối đồ, trẻ trung',4.8,935,1600,'image/products/56.jpg',300000,300000,68,279,90),(57,12,2,'Áo blouse nữ','Chất liệu mềm mại, nhiều màu sắc',4.8,636,833,'image/products/57.jpg',280000,280000,58,325,110),(58,12,2,'Quần culottes nữ',' thoải mái, phong cách',4.7,969,397,'image/products/58.jpg',350000,350000,513,527,85),(59,12,2,'Giày cao gót nữ',' sang trọng, tôn dáng',4.9,779,794,'image/products/59.jpg',600000,600000,295,755,50),(60,11,2,'Áo thun nam basic',' cotton, dễ mặc',4.9,314,1481,'image/products/60.jpg',150000,150000,351,283,150),(61,11,2,'Quần short nam kaki',' năng động, thoải mái',4.7,264,1144,'image/products/61.jpg',200000,200000,504,324,120),(62,11,2,'Áo len nam',' ấm áp, thời trang',4.5,550,308,'image/products/62.jpg',400000,400000,31,847,75),(63,11,2,'Giày sneaker nam',' trẻ trung, cá tính',4.4,241,511,'image/products/63.jpg',500000,500000,248,713,95),(64,12,2,'Áo croptop nữ',' gợi cảm, cá tính',4.7,797,1881,'image/products/64.jpg',180000,180000,127,446,130),(65,12,2,'Quần jeans nữ skinny',' tôn dáng, dễ phối',4.5,557,1135,'image/products/65.jpg',400000,400000,53,828,80),(66,12,2,'Áo khoác nữ cardigan',' nhẹ nhàng, nữ tính',4.4,170,1154,'image/products/66.jpg',350000,350000,158,846,105),(67,12,2,'Giày bệt nữ',' thoải mái, dễ di chuyển',4.7,418,874,'image/products/67.jpg',300000,300000,436,1043,115),(68,8,2,'Thắt lưng da nam',' da thật, bền đẹp',4.6,432,1080,'image/products/68.jpg',200000,200000,174,112,160),(69,8,2,'Ví da nam',' nhỏ gọn, tiện lợi',4.6,816,1413,'image/products/69.jpg',250000,250000,513,1007,140),(70,8,2,'Túi xách nữ',' nhiều kiểu dáng, thời trang',4.6,318,1815,'image/products/70.jpg',400000,400000,262,892,70),(71,8,2,'Khăn choàng cổ nữ',' mềm mại, ấm áp',4.6,315,200,'image/products/71.jpg',150000,150000,248,176,135),(72,11,2,'Bộ đồ thể thao nam',' thoải mái vận động',4.8,984,1865,'image/products/72.jpg',550000,550000,326,460,65),(73,12,2,'Đồ ngủ nữ lụa',' mềm mại, quyến rũ',4.5,889,1208,'image/products/73.jpg',400000,400000,147,651,95),(74,8,2,'Kính râm nam nữ',' bảo vệ mắt, phong cách',4.8,482,937,'image/products/74.jpg',300000,300000,418,772,100),(75,11,2,'Áo sơ mi nam họa tiết',' trẻ trung, nổi bật',4.9,998,237,'image/products/75.jpg',350000,350000,270,343,75),(76,12,2,'Quần legging nữ',' thoải mái tập luyện',4.7,993,1741,'image/products/76.jpg',250000,250000,158,962,125),(77,8,2,'Đồng hồ đeo tay nam nữ',' nhiều mẫu mã',4.6,991,1098,'image/products/77.jpg',600000,600000,356,912,55),(78,11,2,'Áo hoodie nam',' ấm áp, năng động',4.8,936,1190,'image/products/78.jpg',380000,380000,54,751,85),(79,12,2,'Áo len nữ cardigan',' dịu dàng, nữ tính',4.4,457,356,'image/products/79.jpg',420000,420000,230,763,90),(80,12,3,'Đầm maxi nữ hoa nhí','Thướt tha, dịu dàng, họa tiết xinh xắn',4.7,445,203,'image/products/80.jpg',650000,650000,57,261,70),(81,12,3,'Áo kiểu nữ tay phồng','Điệu đà, nữ tính, chất liệu voan mềm mại',4.5,590,488,'image/products/81.jpg',350000,350000,196,220,90),(82,12,3,'Quần ống rộng nữ lưng cao',' thoải mái, tôn dáng, dễ phối đồ',4.8,535,152,'image/products/82.jpg',420000,420000,358,350,80),(83,12,3,'Áo hai dây lụa','Gợi cảm, mát mẻ, chất liệu cao cấp',4.9,506,1834,'image/products/83.jpg',220000,220000,503,279,110),(84,12,3,'Áo vest nữ blazer dáng dài','Thanh lịch, cá tính, nhiều màu sắc',4.4,587,2004,'image/products/84.jpg',800000,800000,94,934,50),(85,8,3,'Dây chuyền bạc mặt trăng','Tinh tế, nữ tính, thiết kế trẻ trung',4.5,263,395,'image/products/85.jpg',300000,300000,69,95,100),(86,8,3,'Bông tai hình giọt nước','Sang trọng, quý phái, đính đá lấp lánh',4.6,575,1755,'image/products/86.jpg',400000,400000,302,387,60),(87,8,3,'Vòng tay nữ lắc tay','Đáng yêu, nhiều charm nhỏ xinh',4.8,996,1610,'image/products/87.jpg',250000,250000,489,474,120),(88,8,3,'Túi xách nữ da mềm','Nhỏ gọn, tiện lợi, nhiều ngăn',4.8,308,841,'image/products/88.jpg',450000,450000,60,332,75),(89,8,3,'Khăn lụa vuông họa tiết','Mềm mại, họa tiết vintage',4.6,71,1267,'image/products/89.jpg',300000,300000,448,578,95),(90,12,3,'Áo sweater nữ oversize','Ấm áp, phong cách Hàn Quốc',4.9,826,1428,'image/products/90.jpg',380000,380000,516,1011,85),(91,12,3,'Quần jeans nữ ống loe',' tôn dáng, cá tính',4.6,331,1911,'image/products/91.jpg',450000,450000,363,761,70),(92,12,3,'Áo khoác cardigan len mỏng',' nhẹ nhàng, dễ phối',4.6,399,607,'image/products/92.jpg',320000,320000,131,399,105),(93,12,3,'Giày sandal nữ đế bệt',' thoải mái, đi hàng ngày',4.8,396,1089,'image/products/93.jpg',350000,350000,238,739,115),(94,20,3,'Son lì màu đỏ tươi','Quyến rũ, lâu trôi, lên màu chuẩn',4.8,687,1619,'image/products/94.jpg',200000,200000,464,209,150),(95,20,3,'Phấn mắt 4 ô màu nude',' tự nhiên, dễ trang điểm',4.5,238,1180,'image/products/95.jpg',280000,280000,88,106,90),(96,20,3,'Kem nền kiềm dầu',' che phủ tốt, không gây bí da',4.4,242,788,'image/products/96.jpg',350000,350000,92,737,80),(97,20,3,'Mascara làm cong và dày mi',' cho đôi mắt to tròn',4.7,994,1530,'image/products/97.jpg',220000,220000,393,629,100),(98,20,3,'Chì kẻ mày ngang',' dễ kẻ, tự nhiên',4.4,613,1766,'image/products/98.jpg',150000,150000,259,937,130),(99,20,3,'Phấn phủ dạng nén',' mịn lì, giữ lớp trang điểm',4.6,392,1515,'image/products/99.jpg',300000,300000,276,486,75),(100,12,3,'Áo thun nữ basic cổ tròn',' cotton, nhiều màu',4.9,952,1266,'image/products/100.jpg',180000,180000,126,352,140),(101,12,3,'Quần short nữ kaki ống rộng',' năng động, trẻ trung',4.5,539,1710,'image/products/101.jpg',280000,280000,300,435,110),(102,8,3,'Kẹp tóc ngọc trai',' nữ tính, sang trọng',4.7,111,1245,'image/products/102.jpg',120000,120000,361,743,160),(103,8,3,'Bờm tóc đính đá',' điệu đà, nổi bật',4.8,53,1628,'image/products/103.jpg',180000,180000,427,820,95),(104,20,3,'Nước tẩy trang dịu nhẹ',' không cồn, không gây kích ứng',4.6,805,1168,'image/products/104.jpg',250000,250000,223,476,85),(105,20,3,'Kem che khuyết điểm',' che phủ mọi khuyết điểm',4.8,327,1399,'image/products/105.jpg',200000,200000,229,192,105),(106,12,3,'Chân váy midi xếp ly',' thanh lịch, duyên dáng',4.8,891,1788,'image/products/106.jpg',380000,380000,369,1009,70),(107,12,3,'Áo sơ mi nữ tay dài',' công sở, nhiều kiểu dáng',4.6,662,2035,'image/products/107.jpg',350000,350000,21,152,90),(108,8,3,'Túi tote nữ vải canvas',' rộng rãi, tiện dụng',4.8,278,1336,'image/products/108.jpg',320000,320000,224,231,100),(109,8,3,'Dây nịt nữ bản nhỏ',' thời trang, nhiều màu',4.4,922,719,'image/products/109.jpg',150000,150000,486,780,125),(110,7,4,'iPhone 15 Pro 128GB','Màn hình Super Retina XDR, chip A17 Pro',4.7,124,1721,'image/products/110.jpg',25000000,25000000,436,774,50),(111,7,4,'Samsung Galaxy S23 256GB','Màn hình Dynamic AMOLED 2X, Snapdragon 8 Gen 2',4.8,513,1969,'image/products/111.jpg',19000000,19000000,161,654,60),(112,7,4,'Xiaomi 13T Pro','Camera Leica, sạc nhanh 120W',4.6,110,1654,'image/products/112.jpg',15000000,15000000,373,244,70),(113,9,4,'MacBook Air M2 13 inch','Chip Apple M2, 8GB RAM, 256GB SSD',4.7,731,1792,'image/products/113.jpg',28000000,28000000,115,456,40),(114,10,4,'Laptop gaming Asus ROG Strix SCAR 17','Ryzen 9, RTX 4080, 240Hz',4.6,144,263,'image/products/114.jpg',55000000,55000000,83,434,25),(115,16,4,'iPad Air 5 Wi-Fi 64GB','Chip Apple M1, màn hình Liquid Retina',4.8,597,333,'image/products/115.jpg',16000000,16000000,491,406,45),(116,17,4,'Tai nghe Sony WH-1000XM5','Chống ồn chủ động, âm thanh Hi-Res',4.7,766,1511,'image/products/116.jpg',8000000,8000000,212,846,55),(117,18,4,'RAM Kingston DDR5 16GB','Bus 5600MHz',4.8,822,827,'image/products/117.jpg',2000000,2000000,271,466,80),(118,8,4,'Ốp lưng iPhone 15 Pro Max','Chống sốc, nhiều màu',4.9,680,943,'image/products/118.jpg',300000,300000,129,874,100),(119,8,4,'Sạc dự phòng Anker 20000mAh','Sạc nhanh PD',4.5,901,1819,'image/products/119.jpg',600000,600000,394,204,90),(120,7,4,'Google Pixel 8 Pro','Camera AI, Tensor G3 chip',4.7,232,741,'image/products/120.jpg',23000000,23000000,50,381,35),(121,9,4,'HP Spectre x360 14','Core i7, OLED, cảm ứng',4.5,445,1179,'image/products/121.jpg',38000000,38000000,278,1004,20),(122,10,4,'Laptop gaming MSI Katana GF66','Core i5, RTX 4060, 144Hz',4.5,319,1432,'image/products/122.jpg',26000000,26000000,282,666,30),(123,16,4,'Samsung Galaxy Tab S9+','Dynamic AMOLED 2X, S Pen',4.7,754,2077,'image/products/123.jpg',22000000,22000000,435,234,40),(124,17,4,'Loa Bluetooth JBL Flip 6','Chống nước, âm thanh mạnh mẽ',4.4,651,1522,'image/products/124.jpg',3000000,3000000,397,679,65),(125,18,4,'SSD Samsung 990 Pro 1TB NVMe','Tốc độ đọc/ghi siêu nhanh',4.8,600,270,'image/products/125.jpg',3500000,3500000,409,679,75),(126,8,4,'Cường lực iPhone 15 Pro Max','Chống trầy xước',4.6,230,1021,'image/products/126.jpg',150000,150000,401,474,120),(127,8,4,'Tai nghe Bluetooth AirPods 3','Âm thanh không gian',4.9,948,2072,'image/products/127.jpg',5500000,5500000,139,278,50),(128,7,4,'Oppo Find X6 Pro','Camera Hasselblad, sạc siêu nhanh',4.6,504,2075,'image/products/128.jpg',21000000,21000000,308,967,28),(129,9,4,'Lenovo Yoga Slim 7i Carbon','Core i5, siêu nhẹ',4.8,574,208,'image/products/129.jpg',32000000,32000000,370,380,15),(130,10,4,'Laptop gaming Acer Predator Helios 300','Core i7, RTX 4070, 165Hz',4.4,831,583,'image/products/130.jpg',48000000,48000000,453,648,22),(131,16,4,'Xiaomi Pad 6 Pro','Snapdragon 8+ Gen 1, 144Hz',4.8,240,1619,'image/products/131.jpg',14000000,14000000,134,909,38),(132,17,4,'Soundbar Samsung HW-Q990C','Âm thanh vòm Dolby Atmos',4.8,535,1269,'image/products/132.jpg',18000000,18000000,255,640,18),(133,18,4,'Mainboard Asus ROG Maximus Z790 Hero','Socket LGA 1700',4.7,994,278,'image/products/133.jpg',15000000,15000000,328,858,20),(134,8,4,'Miếng dán màn hình máy tính bảng','Chống vân tay',4.7,600,427,'image/products/134.jpg',100000,100000,104,397,150),(135,8,4,'Chuột gaming Logitech G Pro X Superlight','Không dây, siêu nhẹ',4.4,164,1855,'image/products/135.jpg',3500000,3500000,43,647,42),(136,7,4,'Realme GT Neo 5','Sạc nhanh 240W',4.6,482,1354,'image/products/136.jpg',13000000,13000000,440,362,58),(137,9,4,'LG Gram 16','Core i7, siêu nhẹ, pin lâu',4.9,330,637,'image/products/137.jpg',35000000,35000000,273,765,12),(138,10,4,'Laptop gaming Lenovo Legion Pro 7i','Core i9, RTX 4090, 240Hz',4.7,219,1409,'image/products/138.jpg',65000000,65000000,403,916,10),(139,16,4,'Huawei MatePad Pro 13.2 inch','OLED, HarmonyOS',4.6,602,1443,'image/products/139.jpg',20000000,20000000,371,538,33),(140,14,5,'Bộ dao thớt Lock&Lock','Inox không gỉ, bền đẹp',4.8,276,328,'image/products/140.jpg',450000,450000,466,168,80),(141,14,5,'Máy lọc không khí Sharp','Diện tích 30m2, khử mùi hiệu quả',4.9,260,719,'image/products/141.jpg',3200000,3200000,480,716,45),(142,14,5,'Bàn là hơi nước Philips','Ủi nhanh, không gây cháy',4.6,903,1208,'image/products/142.jpg',1100000,1100000,126,449,60),(143,22,5,'Kệ sách gỗ 5 tầng','Gỗ công nghiệp, thiết kế hiện đại',4.5,630,1765,'image/products/143.jpg',850000,850000,232,670,50),(144,22,5,'Ghế sofa bed đa năng','Vừa là ghế vừa là giường',4.6,328,1915,'image/products/144.jpg',2500000,2500000,372,848,35),(145,15,5,'Sherlock Holmes trọn bộ','Tuyển tập truyện trinh thám kinh điển',4.8,1033,674,'image/products/145.jpg',300000,300000,264,625,90),(146,23,5,'Cha giàu cha nghèo','Sách về tư duy tài chính',4.8,393,1047,'image/products/146.jpg',120000,120000,189,319,120),(147,21,5,'Nước lau sàn Sunlight',' Hương chanh, diệt khuẩn',4.8,892,544,'image/products/147.jpg',30000,30000,311,295,200),(148,21,5,'Nước rửa chén Lix',' Sạch dầu mỡ',4.5,702,1751,'image/products/148.jpg',25000,25000,107,442,250),(149,14,5,'Máy hút bụi cầm tay',' Nhỏ gọn, tiện lợi',4.8,65,1621,'image/products/149.jpg',800000,800000,399,553,70),(150,14,5,'Lò vi sóng Sharp',' Dung tích 20L, nhiều chức năng',4.6,751,1654,'image/products/150.jpg',1300000,1300000,412,634,55),(151,22,5,'Bàn trà mặt kính',' Thiết kế sang trọng',4.6,154,1710,'image/products/151.jpg',1200000,1200000,377,202,40),(152,15,5,'Hoàng Tử Bé',' Tiểu thuyết thiếu nhi ý nghĩa',4.8,689,777,'image/products/152.jpg',60000,60000,408,911,150),(153,23,5,'Dám nghĩ lớn',' Sách về phát triển bản thân',4.8,357,1303,'image/products/153.jpg',100000,100000,63,671,180),(154,21,5,'Khăn lau đa năng',' Mềm mại, thấm hút tốt',4.7,431,813,'image/products/154.jpg',20000,20000,341,185,300),(155,14,5,'Ấm siêu tốc Lock&Lock',' Inox 304, đun nhanh',4.8,395,1053,'image/products/155.jpg',350000,350000,193,352,90),(156,14,5,'Máy ép trái cây chậm',' Giữ nguyên vitamin',4.9,489,1678,'image/products/156.jpg',1800000,1800000,334,821,30),(157,22,5,'Tủ quần áo vải',' Gọn nhẹ, dễ lắp ráp',4.7,588,1661,'image/products/157.jpg',600000,600000,164,144,65),(158,15,5,'Tôi thấy hoa vàng trên cỏ xanh',' Tiểu thuyết lãng mạn',4.8,802,1976,'image/products/158.jpg',90000,90000,238,415,110),(159,23,5,'Quốc gia khởi nghiệp',' Sách về kinh doanh startup',4.6,530,1806,'image/products/159.jpg',150000,150000,434,627,130),(160,21,5,'Bông lau nhà 360 độ',' Lau sạch mọi ngóc ngách',4.8,336,540,'image/products/160.jpg',180000,180000,141,595,100),(161,14,5,'Máy xay thịt đa năng',' Xay nhanh, nhuyễn mịn',4.7,414,1743,'image/products/161.jpg',700000,700000,28,661,75),(162,14,5,'Nồi cơm điện tử Sharp',' Nhiều chế độ nấu',4.5,262,160,'image/products/162.jpg',1500000,1500000,279,542,48),(163,22,5,'Gối tựa lưng văn phòng',' Êm ái, giảm đau lưng',4.7,120,1344,'image/products/163.jpg',200000,200000,470,684,120),(164,15,5,'Harry Potter và Hòn đá phù thủy',' Tiểu thuyết giả tưởng nổi tiếng',4.7,493,1710,'image/products/164.jpg',180000,180000,369,125,85),(165,23,5,'Marketing căn bản',' Sách về marketing cho người mới bắt đầu',4.9,215,2078,'image/products/165.jpg',110000,110000,246,338,160),(166,21,5,'Giấy vệ sinh An An',' Mềm mại, tiết kiệm',4.9,609,1181,'image/products/166.jpg',40000,40000,33,556,300),(167,14,5,'Bình giữ nhiệt Lock&Lock',' Giữ nóng lạnh lâu',4.5,799,863,'image/products/167.jpg',250000,250000,351,216,115),(168,14,5,'Máy làm sữa chua',' Tại nhà, an toàn',4.7,768,219,'image/products/168.jpg',400000,400000,92,586,70),(169,22,5,'Thảm trải sàn phòng khách',' Nhiều kích thước, mẫu mã',4.6,701,1096,'image/products/169.jpg',550000,550000,289,239,58),(170,15,6,'Truyện Kiều','Tác phẩm văn học kinh điển của Nguyễn Du',4.7,151,1108,'image/products/170.jpg',150000,150000,129,620,120),(171,23,6,'Tư duy hệ thống','Sách về phương pháp giải quyết vấn đề phức tạp',4.8,340,1799,'image/products/171.jpg',180000,180000,209,389,90),(172,15,6,'Doraemon tập mới nhất','Truyện tranh thiếu nhi hấp dẫn',4.8,840,629,'image/products/172.jpg',30000,30000,497,1022,200),(173,23,6,'Khởi nghiệp tinh gọn','Sách về xây dựng startup hiệu quả',4.6,134,939,'image/products/173.jpg',160000,160000,443,1014,110),(174,28,6,'Bút bi Thiên Long','Ngòi 0.5mm, mực xanh',4.5,590,1775,'image/products/174.jpg',5000,5000,305,385,500),(175,28,6,'Vở học sinh Campus','80 trang, giấy trắng',4.8,873,537,'image/products/175.jpg',10000,10000,332,509,400),(176,15,6,'Conan tập mới nhất','Truyện trinh thám lôi cuốn',4.5,803,1068,'image/products/176.jpg',35000,35000,102,411,180),(177,23,6,'Đầu tư chứng khoán cho người mới bắt đầu','Sách về tài chính',4.7,541,1122,'image/products/177.jpg',120000,120000,61,926,130),(178,28,6,'Bút chì 2B','Gỗ tốt, dễ chuốt',4.5,94,1733,'image/products/178.jpg',3000,3000,495,348,600),(179,28,6,'Tẩy карандаш','Mềm, không làm rách giấy',4.5,359,1348,'image/products/179.jpg',4000,4000,116,138,550),(180,15,6,'One Piece tập mới nhất','Truyện phiêu lưu kỳ thú',4.8,99,1414,'image/products/180.jpg',40000,40000,89,767,160),(181,23,6,'7 thói quen của người thành đạt','Sách về phát triển cá nhân',4.8,757,142,'image/products/181.jpg',140000,140000,511,899,100),(182,28,6,'Bảng trắng nhỏ','Có chân đỡ, tiện lợi',4.8,980,1624,'image/products/182.jpg',80000,80000,31,872,70),(183,28,6,'Phấn viết bảng','Không bụi, màu trắng',4.6,804,1370,'image/products/183.jpg',15000,15000,477,715,300),(184,15,6,'Kim Đồng tuyển tập truyện ngắn','Văn học thiếu nhi Việt Nam',4.4,962,1727,'image/products/184.jpg',90000,90000,187,278,140),(185,23,6,'Elon Musk','Tiểu sử về nhà sáng lập Tesla và SpaceX',4.4,54,1309,'image/products/185.jpg',200000,200000,26,295,80),(186,28,6,'Kéo học sinh','An toàn, dễ sử dụng',4.9,255,1024,'image/products/186.jpg',12000,12000,368,138,250),(187,28,6,'Hồ dán','Không độc hại',4.6,559,1059,'image/products/187.jpg',7000,7000,456,966,450),(188,15,6,'Thám tử lừng danh Conan (tiểu thuyết)','Phiên bản tiểu thuyết của truyện tranh',4.6,129,1097,'image/products/188.jpg',110000,110000,148,829,105),(189,23,6,'Sapiens: Lược sử loài người','Sách về lịch sử nhân loại',4.5,361,429,'image/products/189.jpg',220000,220000,466,1010,70),(190,28,6,'Ghim bấm giấy','Hộp 1000 chiếc',4.5,802,860,'image/products/190.jpg',20000,20000,342,128,350),(191,28,6,'Kẹp giấy','Nhiều kích cỡ',4.5,103,1884,'image/products/191.jpg',15000,15000,172,885,400),(192,15,6,'Nhật ký của một chú bé nhút nhát','Truyện hài hước cho thiếu nhi',4.8,875,756,'image/products/192.jpg',70000,70000,103,891,170),(193,23,6,'Rich Dad\'s Cashflow Quadrant','Sách về các nhóm người làm ra tiền',4.5,73,2074,'image/products/193.jpg',170000,170000,453,417,95),(194,28,6,'Bút dạ quang','Nhiều màu sắc',4.9,126,1443,'image/products/194.jpg',10000,10000,86,694,300),(195,28,6,'Giấy note','Nhiều màu, nhiều kích cỡ',4.8,241,1059,'image/products/195.jpg',12000,12000,433,739,380),(196,15,6,'Chiến binh cầu vồng','Tiểu thuyết giả tưởng Việt Nam',4.5,811,1914,'image/products/196.jpg',130000,130000,147,593,115),(197,23,6,'Hiểu về trái tim','Sách về tâm lý học',4.6,192,1790,'image/products/197.jpg',190000,190000,421,521,85),(198,28,6,'Băng dính trong','Khổ rộng',4.9,392,1808,'image/products/198.jpg',25000,25000,144,719,220),(199,28,6,'Compa học sinh','Đầy đủ phụ kiện',4.5,66,627,'image/products/199.jpg',30000,30000,156,614,190);
/*!40000 ALTER TABLE `products` ENABLE KEYS */;
UNLOCK TABLES;

--
-- Table structure for table `productsimage`
--

DROP TABLE IF EXISTS `productsimage`;
/*!40101 SET @saved_cs_client     = @@character_set_client */;
/*!50503 SET character_set_client = utf8mb4 */;
CREATE TABLE `productsimage` (
  `image_id` int NOT NULL AUTO_INCREMENT,
  `product_url` varchar(255) NOT NULL,
  `product_id` int DEFAULT NULL,
  PRIMARY KEY (`image_id`),
  KEY `product_id` (`product_id`),
  CONSTRAINT `productsimage_ibfk_1` FOREIGN KEY (`product_id`) REFERENCES `products` (`product_id`)
) ENGINE=InnoDB AUTO_INCREMENT=493 DEFAULT CHARSET=utf8mb4 COLLATE=utf8mb4_0900_ai_ci;
/*!40101 SET character_set_client = @saved_cs_client */;

--
-- Dumping data for table `productsimage`
--

LOCK TABLES `productsimage` WRITE;
/*!40000 ALTER TABLE `productsimage` DISABLE KEYS */;
INSERT INTO `productsimage` VALUES (1,'image/products_image/1.jpg',1),(2,'image/products_image/2.jpg',1),(3,'image/products_image/3.jpg',2),(4,'image/products_image/4.jpg',2),(5,'image/products_image/5.jpg',3),(6,'image/products_image/6.jpg',4),(7,'image/products_image/7.jpg',4),(8,'image/products_image/8.jpg',5),(9,'image/products_image/9.jpg',5),(10,'image/products_image/10.jpg',6),(11,'image/products_image/11.jpg',7),(12,'image/products_image/12.jpg',8),(13,'image/products_image/13.jpg',8),(14,'image/products_image/14.jpg',9),(15,'image/products_image/15.jpg',10),(16,'image/products_image/16.jpg',11),(17,'image/products_image/17.jpg',12),(18,'image/products_image/18.jpg',12),(19,'image/products_image/19.jpg',13),(20,'image/products_image/20.jpg',14),(21,'image/products_image/21.jpg',15),(22,'image/products_image/22.jpg',16),(23,'image/products_image/23.jpg',17),(24,'image/products_image/24.jpg',18),(25,'image/products_image/25.jpg',19),(26,'image/products_image/26.jpg',19),(38,'image/products_image/38.jpg',20),(39,'image/products_image/39.jpg',20),(40,'image/products_image/40.jpg',21),(41,'image/products_image/41.jpg',21),(42,'image/products_image/42.jpg',21),(43,'image/products_image/43.jpg',22),(44,'image/products_image/44.jpg',22),(45,'image/products_image/45.jpg',23),(46,'image/products_image/46.jpg',23),(47,'image/products_image/47.jpg',24),(48,'image/products_image/48.jpg',24),(49,'image/products_image/49.jpg',24),(50,'image/products_image/50.jpg',25),(51,'image/products_image/51.jpg',25),(52,'image/products_image/52.jpg',26),(53,'image/products_image/53.jpg',26),(54,'image/products_image/54.jpg',27),(55,'image/products_image/55.jpg',27),(56,'image/products_image/56.jpg',28),(57,'image/products_image/57.jpg',28),(58,'image/products_image/58.jpg',28),(59,'image/products_image/59.jpg',29),(60,'image/products_image/60.jpg',29),(61,'image/products_image/61.jpg',29),(62,'image/products_image/62.jpg',30),(63,'image/products_image/63.jpg',30),(64,'image/products_image/64.jpg',30),(65,'image/products_image/65.jpg',31),(66,'image/products_image/66.jpg',31),(67,'image/products_image/67.jpg',32),(68,'image/products_image/68.jpg',32),(69,'image/products_image/69.jpg',33),(70,'image/products_image/70.jpg',33),(71,'image/products_image/71.jpg',33),(72,'image/products_image/72.jpg',34),(73,'image/products_image/73.jpg',34),(74,'image/products_image/74.jpg',35),(75,'image/products_image/75.jpg',35),(76,'image/products_image/76.jpg',35),(77,'image/products_image/77.jpg',36),(78,'image/products_image/78.jpg',36),(79,'image/products_image/79.jpg',36),(80,'image/products_image/80.jpg',37),(81,'image/products_image/81.jpg',37),(82,'image/products_image/82.jpg',38),(83,'image/products_image/83.jpg',38),(84,'image/products_image/84.jpg',38),(85,'image/products_image/85.jpg',39),(86,'image/products_image/86.jpg',39),(87,'image/products_image/87.jpg',40),(88,'image/products_image/88.jpg',40),(89,'image/products_image/89.jpg',41),(90,'image/products_image/90.jpg',41),(91,'image/products_image/91.jpg',41),(92,'image/products_image/92.jpg',42),(93,'image/products_image/93.jpg',42),(94,'image/products_image/94.jpg',43),(95,'image/products_image/95.jpg',43),(96,'image/products_image/96.jpg',44),(97,'image/products_image/97.jpg',44),(98,'image/products_image/98.jpg',44),(99,'image/products_image/99.jpg',45),(100,'image/products_image/100.jpg',45),(101,'image/products_image/101.jpg',46),(102,'image/products_image/102.jpg',46),(103,'image/products_image/103.jpg',47),(104,'image/products_image/104.jpg',47),(105,'image/products_image/105.jpg',47),(106,'image/products_image/106.jpg',48),(107,'image/products_image/107.jpg',48),(108,'image/products_image/108.jpg',48),(109,'image/products_image/109.jpg',49),(110,'image/products_image/110.jpg',49),(111,'image/products_image/111.jpg',49),(112,'image/products_image/112.jpg',50),(113,'image/products_image/113.jpg',50),(114,'image/products_image/114.jpg',50),(115,'image/products_image/115.jpg',51),(116,'image/products_image/116.jpg',51),(117,'image/products_image/117.jpg',51),(118,'image/products_image/118.jpg',52),(119,'image/products_image/119.jpg',52),(120,'image/products_image/120.jpg',52),(121,'image/products_image/121.jpg',53),(122,'image/products_image/122.jpg',53),(123,'image/products_image/123.jpg',54),(124,'image/products_image/124.jpg',54),(125,'image/products_image/125.jpg',54),(126,'image/products_image/126.jpg',55),(127,'image/products_image/127.jpg',55),(128,'image/products_image/128.jpg',55),(129,'image/products_image/129.jpg',56),(130,'image/products_image/130.jpg',56),(131,'image/products_image/131.jpg',56),(132,'image/products_image/132.jpg',57),(133,'image/products_image/133.jpg',57),(134,'image/products_image/134.jpg',57),(135,'image/products_image/135.jpg',58),(136,'image/products_image/136.jpg',58),(137,'image/products_image/137.jpg',59),(138,'image/products_image/138.jpg',59),(139,'image/products_image/139.jpg',60),(140,'image/products_image/140.jpg',60),(141,'image/products_image/141.jpg',60),(142,'image/products_image/142.jpg',61),(143,'image/products_image/143.jpg',61),(144,'image/products_image/144.jpg',61),(145,'image/products_image/145.jpg',62),(146,'image/products_image/146.jpg',62),(147,'image/products_image/147.jpg',63),(148,'image/products_image/148.jpg',63),(149,'image/products_image/149.jpg',63),(150,'image/products_image/150.jpg',64),(151,'image/products_image/151.jpg',64),(152,'image/products_image/152.jpg',64),(153,'image/products_image/153.jpg',65),(154,'image/products_image/154.jpg',65),(155,'image/products_image/155.jpg',66),(156,'image/products_image/156.jpg',66),(157,'image/products_image/157.jpg',67),(158,'image/products_image/158.jpg',67),(159,'image/products_image/159.jpg',67),(160,'image/products_image/160.jpg',68),(161,'image/products_image/161.jpg',68),(162,'image/products_image/162.jpg',68),(163,'image/products_image/163.jpg',69),(164,'image/products_image/164.jpg',69),(165,'image/products_image/165.jpg',69),(166,'image/products_image/166.jpg',70),(167,'image/products_image/167.jpg',70),(168,'image/products_image/168.jpg',70),(169,'image/products_image/169.jpg',71),(170,'image/products_image/170.jpg',71),(171,'image/products_image/171.jpg',71),(172,'image/products_image/172.jpg',72),(173,'image/products_image/173.jpg',72),(174,'image/products_image/174.jpg',72),(175,'image/products_image/175.jpg',73),(176,'image/products_image/176.jpg',73),(177,'image/products_image/177.jpg',74),(178,'image/products_image/178.jpg',74),(179,'image/products_image/179.jpg',75),(180,'image/products_image/180.jpg',75),(181,'image/products_image/181.jpg',75),(182,'image/products_image/182.jpg',76),(183,'image/products_image/183.jpg',76),(184,'image/products_image/184.jpg',76),(185,'image/products_image/185.jpg',77),(186,'image/products_image/186.jpg',77),(187,'image/products_image/187.jpg',78),(188,'image/products_image/188.jpg',78),(189,'image/products_image/189.jpg',78),(190,'image/products_image/190.jpg',79),(191,'image/products_image/191.jpg',79),(192,'image/products_image/192.jpg',80),(193,'image/products_image/193.jpg',80),(194,'image/products_image/194.jpg',80),(195,'image/products_image/195.jpg',81),(196,'image/products_image/196.jpg',81),(197,'image/products_image/197.jpg',81),(198,'image/products_image/198.jpg',82),(199,'image/products_image/199.jpg',82),(200,'image/products_image/200.jpg',83),(201,'image/products_image/201.jpg',83),(202,'image/products_image/202.jpg',83),(203,'image/products_image/203.jpg',84),(204,'image/products_image/204.jpg',84),(205,'image/products_image/205.jpg',85),(206,'image/products_image/206.jpg',85),(207,'image/products_image/207.jpg',86),(208,'image/products_image/208.jpg',86),(209,'image/products_image/209.jpg',86),(210,'image/products_image/210.jpg',87),(211,'image/products_image/211.jpg',87),(212,'image/products_image/212.jpg',88),(213,'image/products_image/213.jpg',88),(214,'image/products_image/214.jpg',88),(215,'image/products_image/215.jpg',89),(216,'image/products_image/216.jpg',89),(217,'image/products_image/217.jpg',89),(218,'image/products_image/218.jpg',90),(219,'image/products_image/219.jpg',90),(220,'image/products_image/220.jpg',91),(221,'image/products_image/221.jpg',91),(222,'image/products_image/222.jpg',92),(223,'image/products_image/223.jpg',92),(224,'image/products_image/224.jpg',93),(225,'image/products_image/225.jpg',93),(226,'image/products_image/226.jpg',93),(227,'image/products_image/227.jpg',94),(228,'image/products_image/228.jpg',94),(229,'image/products_image/229.jpg',94),(230,'image/products_image/230.jpg',95),(231,'image/products_image/231.jpg',95),(232,'image/products_image/232.jpg',96),(233,'image/products_image/233.jpg',96),(234,'image/products_image/234.jpg',96),(235,'image/products_image/235.jpg',97),(236,'image/products_image/236.jpg',97),(237,'image/products_image/237.jpg',97),(238,'image/products_image/238.jpg',98),(239,'image/products_image/239.jpg',98),(240,'image/products_image/240.jpg',98),(241,'image/products_image/241.jpg',99),(242,'image/products_image/242.jpg',99),(243,'image/products_image/243.jpg',99),(244,'image/products_image/244.jpg',100),(245,'image/products_image/245.jpg',100),(246,'image/products_image/246.jpg',101),(247,'image/products_image/247.jpg',101),(248,'image/products_image/248.jpg',102),(249,'image/products_image/249.jpg',102),(250,'image/products_image/250.jpg',103),(251,'image/products_image/251.jpg',103),(252,'image/products_image/252.jpg',104),(253,'image/products_image/253.jpg',104),(254,'image/products_image/254.jpg',104),(255,'image/products_image/255.jpg',105),(256,'image/products_image/256.jpg',105),(257,'image/products_image/257.jpg',106),(258,'image/products_image/258.jpg',106),(259,'image/products_image/259.jpg',106),(260,'image/products_image/260.jpg',107),(261,'image/products_image/261.jpg',107),(262,'image/products_image/262.jpg',108),(263,'image/products_image/263.jpg',108),(264,'image/products_image/264.jpg',108),(265,'image/products_image/265.jpg',109),(266,'image/products_image/266.jpg',109),(267,'image/products_image/267.jpg',109),(268,'image/products_image/268.jpg',110),(269,'image/products_image/269.jpg',110),(270,'image/products_image/270.jpg',110),(271,'image/products_image/271.jpg',111),(272,'image/products_image/272.jpg',111),(273,'image/products_image/273.jpg',112),(274,'image/products_image/274.jpg',112),(275,'image/products_image/275.jpg',112),(276,'image/products_image/276.jpg',113),(277,'image/products_image/277.jpg',113),(278,'image/products_image/278.jpg',113),(279,'image/products_image/279.jpg',114),(280,'image/products_image/280.jpg',114),(281,'image/products_image/281.jpg',114),(282,'image/products_image/282.jpg',115),(283,'image/products_image/283.jpg',115),(284,'image/products_image/284.jpg',116),(285,'image/products_image/285.jpg',116),(286,'image/products_image/286.jpg',116),(287,'image/products_image/287.jpg',117),(288,'image/products_image/288.jpg',117),(289,'image/products_image/289.jpg',118),(290,'image/products_image/290.jpg',118),(291,'image/products_image/291.jpg',118),(292,'image/products_image/292.jpg',119),(293,'image/products_image/293.jpg',119),(294,'image/products_image/294.jpg',120),(295,'image/products_image/295.jpg',120),(296,'image/products_image/296.jpg',120),(297,'image/products_image/297.jpg',121),(298,'image/products_image/298.jpg',121),(299,'image/products_image/299.jpg',121),(300,'image/products_image/300.jpg',122),(301,'image/products_image/301.jpg',122),(302,'image/products_image/302.jpg',123),(303,'image/products_image/303.jpg',123),(304,'image/products_image/304.jpg',123),(305,'image/products_image/305.jpg',124),(306,'image/products_image/306.jpg',124),(307,'image/products_image/307.jpg',124),(308,'image/products_image/308.jpg',125),(309,'image/products_image/309.jpg',125),(310,'image/products_image/310.jpg',125),(311,'image/products_image/311.jpg',126),(312,'image/products_image/312.jpg',126),(313,'image/products_image/313.jpg',126),(314,'image/products_image/314.jpg',127),(315,'image/products_image/315.jpg',127),(316,'image/products_image/316.jpg',127),(317,'image/products_image/317.jpg',128),(318,'image/products_image/318.jpg',128),(319,'image/products_image/319.jpg',129),(320,'image/products_image/320.jpg',129),(321,'image/products_image/321.jpg',129),(322,'image/products_image/322.jpg',130),(323,'image/products_image/323.jpg',130),(324,'image/products_image/324.jpg',130),(325,'image/products_image/325.jpg',131),(326,'image/products_image/326.jpg',131),(327,'image/products_image/327.jpg',131),(328,'image/products_image/328.jpg',132),(329,'image/products_image/329.jpg',132),(330,'image/products_image/330.jpg',133),(331,'image/products_image/331.jpg',133),(332,'image/products_image/332.jpg',134),(333,'image/products_image/333.jpg',134),(334,'image/products_image/334.jpg',135),(335,'image/products_image/335.jpg',135),(336,'image/products_image/336.jpg',135),(337,'image/products_image/337.jpg',136),(338,'image/products_image/338.jpg',136),(339,'image/products_image/339.jpg',136),(340,'image/products_image/340.jpg',137),(341,'image/products_image/341.jpg',137),(342,'image/products_image/342.jpg',137),(343,'image/products_image/343.jpg',138),(344,'image/products_image/344.jpg',138),(345,'image/products_image/345.jpg',139),(346,'image/products_image/346.jpg',139),(347,'image/products_image/347.jpg',139),(348,'image/products_image/348.jpg',140),(349,'image/products_image/349.jpg',140),(350,'image/products_image/350.jpg',140),(351,'image/products_image/351.jpg',141),(352,'image/products_image/352.jpg',141),(353,'image/products_image/353.jpg',141),(354,'image/products_image/354.jpg',142),(355,'image/products_image/355.jpg',142),(356,'image/products_image/356.jpg',143),(357,'image/products_image/357.jpg',143),(358,'image/products_image/358.jpg',144),(359,'image/products_image/359.jpg',144),(360,'image/products_image/360.jpg',145),(361,'image/products_image/361.jpg',145),(362,'image/products_image/362.jpg',145),(363,'image/products_image/363.jpg',146),(364,'image/products_image/364.jpg',146),(365,'image/products_image/365.jpg',147),(366,'image/products_image/366.jpg',147),(367,'image/products_image/367.jpg',147),(368,'image/products_image/368.jpg',148),(369,'image/products_image/369.jpg',148),(370,'image/products_image/370.jpg',149),(371,'image/products_image/371.jpg',149),(372,'image/products_image/372.jpg',149),(373,'image/products_image/373.jpg',150),(374,'image/products_image/374.jpg',150),(375,'image/products_image/375.jpg',150),(376,'image/products_image/376.jpg',151),(377,'image/products_image/377.jpg',151),(378,'image/products_image/378.jpg',152),(379,'image/products_image/379.jpg',152),(380,'image/products_image/380.jpg',153),(381,'image/products_image/381.jpg',153),(382,'image/products_image/382.jpg',154),(383,'image/products_image/383.jpg',154),(384,'image/products_image/384.jpg',154),(385,'image/products_image/385.jpg',155),(386,'image/products_image/386.jpg',155),(387,'image/products_image/387.jpg',156),(388,'image/products_image/388.jpg',156),(389,'image/products_image/389.jpg',157),(390,'image/products_image/390.jpg',157),(391,'image/products_image/391.jpg',157),(392,'image/products_image/392.jpg',158),(393,'image/products_image/393.jpg',158),(394,'image/products_image/394.jpg',158),(395,'image/products_image/395.jpg',159),(396,'image/products_image/396.jpg',159),(397,'image/products_image/397.jpg',160),(398,'image/products_image/398.jpg',160),(399,'image/products_image/399.jpg',161),(400,'image/products_image/400.jpg',161),(401,'image/products_image/401.jpg',162),(402,'image/products_image/402.jpg',162),(403,'image/products_image/403.jpg',163),(404,'image/products_image/404.jpg',163),(405,'image/products_image/405.jpg',163),(406,'image/products_image/406.jpg',164),(407,'image/products_image/407.jpg',164),(408,'image/products_image/408.jpg',165),(409,'image/products_image/409.jpg',165),(410,'image/products_image/410.jpg',166),(411,'image/products_image/411.jpg',166),(412,'image/products_image/412.jpg',166),(413,'image/products_image/413.jpg',167),(414,'image/products_image/414.jpg',167),(415,'image/products_image/415.jpg',168),(416,'image/products_image/416.jpg',168),(417,'image/products_image/417.jpg',168),(418,'image/products_image/418.jpg',169),(419,'image/products_image/419.jpg',169),(420,'image/products_image/420.jpg',170),(421,'image/products_image/421.jpg',170),(422,'image/products_image/422.jpg',170),(423,'image/products_image/423.jpg',171),(424,'image/products_image/424.jpg',171),(425,'image/products_image/425.jpg',171),(426,'image/products_image/426.jpg',172),(427,'image/products_image/427.jpg',172),(428,'image/products_image/428.jpg',172),(429,'image/products_image/429.jpg',173),(430,'image/products_image/430.jpg',173),(431,'image/products_image/431.jpg',174),(432,'image/products_image/432.jpg',174),(433,'image/products_image/433.jpg',175),(434,'image/products_image/434.jpg',175),(435,'image/products_image/435.jpg',175),(436,'image/products_image/436.jpg',176),(437,'image/products_image/437.jpg',176),(438,'image/products_image/438.jpg',177),(439,'image/products_image/439.jpg',177),(440,'image/products_image/440.jpg',177),(441,'image/products_image/441.jpg',178),(442,'image/products_image/442.jpg',178),(443,'image/products_image/443.jpg',178),(444,'image/products_image/444.jpg',179),(445,'image/products_image/445.jpg',179),(446,'image/products_image/446.jpg',180),(447,'image/products_image/447.jpg',180),(448,'image/products_image/448.jpg',180),(449,'image/products_image/449.jpg',181),(450,'image/products_image/450.jpg',181),(451,'image/products_image/451.jpg',182),(452,'image/products_image/452.jpg',182),(453,'image/products_image/453.jpg',183),(454,'image/products_image/454.jpg',183),(455,'image/products_image/455.jpg',183),(456,'image/products_image/456.jpg',184),(457,'image/products_image/457.jpg',184),(458,'image/products_image/458.jpg',185),(459,'image/products_image/459.jpg',185),(460,'image/products_image/460.jpg',186),(461,'image/products_image/461.jpg',186),(462,'image/products_image/462.jpg',186),(463,'image/products_image/463.jpg',187),(464,'image/products_image/464.jpg',187),(465,'image/products_image/465.jpg',188),(466,'image/products_image/466.jpg',188),(467,'image/products_image/467.jpg',188),(468,'image/products_image/468.jpg',189),(469,'image/products_image/469.jpg',189),(470,'image/products_image/470.jpg',189),(471,'image/products_image/471.jpg',190),(472,'image/products_image/472.jpg',190),(473,'image/products_image/473.jpg',191),(474,'image/products_image/474.jpg',191),(475,'image/products_image/475.jpg',191),(476,'image/products_image/476.jpg',192),(477,'image/products_image/477.jpg',192),(478,'image/products_image/478.jpg',193),(479,'image/products_image/479.jpg',193),(480,'image/products_image/480.jpg',194),(481,'image/products_image/481.jpg',194),(482,'image/products_image/482.jpg',194),(483,'image/products_image/483.jpg',195),(484,'image/products_image/484.jpg',195),(485,'image/products_image/485.jpg',196),(486,'image/products_image/486.jpg',196),(487,'image/products_image/487.jpg',197),(488,'image/products_image/488.jpg',197),(489,'image/products_image/489.jpg',198),(490,'image/products_image/490.jpg',198),(491,'image/products_image/491.jpg',199),(492,'image/products_image/492.jpg',199);
/*!40000 ALTER TABLE `productsimage` ENABLE KEYS */;
UNLOCK TABLES;

--
-- Table structure for table `productsincart`
--

DROP TABLE IF EXISTS `productsincart`;
/*!40101 SET @saved_cs_client     = @@character_set_client */;
/*!50503 SET character_set_client = utf8mb4 */;
CREATE TABLE `productsincart` (
  `product_in_cart_id` int NOT NULL AUTO_INCREMENT,
  `cart_id` int NOT NULL,
  `shop_id` int NOT NULL,
  `product_name` varchar(200) NOT NULL,
  `color` varchar(50) DEFAULT NULL,
  `size` varchar(50) DEFAULT NULL,
  `product_image_url` varchar(255) NOT NULL,
  `product_price` int DEFAULT NULL,
  `product_quantity` int DEFAULT NULL,
  PRIMARY KEY (`product_in_cart_id`),
  KEY `shop_id` (`shop_id`),
  KEY `cart_id` (`cart_id`),
  CONSTRAINT `productsincart_ibfk_1` FOREIGN KEY (`shop_id`) REFERENCES `shops` (`shop_id`),
  CONSTRAINT `productsincart_ibfk_2` FOREIGN KEY (`cart_id`) REFERENCES `carts` (`cart_id`)
) ENGINE=InnoDB DEFAULT CHARSET=utf8mb4 COLLATE=utf8mb4_0900_ai_ci;
/*!40101 SET character_set_client = @saved_cs_client */;

--
-- Dumping data for table `productsincart`
--

LOCK TABLES `productsincart` WRITE;
/*!40000 ALTER TABLE `productsincart` DISABLE KEYS */;
/*!40000 ALTER TABLE `productsincart` ENABLE KEYS */;
UNLOCK TABLES;

--
-- Table structure for table `productsinorder`
--

DROP TABLE IF EXISTS `productsinorder`;
/*!40101 SET @saved_cs_client     = @@character_set_client */;
/*!50503 SET character_set_client = utf8mb4 */;
CREATE TABLE `productsinorder` (
  `product_in_order_id` int NOT NULL AUTO_INCREMENT,
  `order_id` int NOT NULL,
  `shop_id` int NOT NULL,
  `voucher_id` int DEFAULT NULL,
  `provider_id` int NOT NULL,
  `product_name` varchar(200) NOT NULL,
  `color` varchar(50) DEFAULT NULL,
  `size` varchar(50) DEFAULT NULL,
  `product_image_url` varchar(255) NOT NULL,
  `product_price` int DEFAULT NULL,
  `product_quantity` int DEFAULT NULL,
  PRIMARY KEY (`product_in_order_id`),
  KEY `shop_id` (`shop_id`),
  KEY `order_id` (`order_id`),
  KEY `voucher_id` (`voucher_id`),
  KEY `provider_id` (`provider_id`),
  CONSTRAINT `productsinorder_ibfk_1` FOREIGN KEY (`shop_id`) REFERENCES `shops` (`shop_id`),
  CONSTRAINT `productsinorder_ibfk_2` FOREIGN KEY (`order_id`) REFERENCES `orders` (`order_id`),
  CONSTRAINT `productsinorder_ibfk_3` FOREIGN KEY (`voucher_id`) REFERENCES `vouchers` (`voucher_id`),
  CONSTRAINT `productsinorder_ibfk_4` FOREIGN KEY (`provider_id`) REFERENCES `shippingproviders` (`provider_id`)
) ENGINE=InnoDB DEFAULT CHARSET=utf8mb4 COLLATE=utf8mb4_0900_ai_ci;
/*!40101 SET character_set_client = @saved_cs_client */;

--
-- Dumping data for table `productsinorder`
--

LOCK TABLES `productsinorder` WRITE;
/*!40000 ALTER TABLE `productsinorder` DISABLE KEYS */;
/*!40000 ALTER TABLE `productsinorder` ENABLE KEYS */;
UNLOCK TABLES;

--
-- Table structure for table `productsizes`
--

DROP TABLE IF EXISTS `productsizes`;
/*!40101 SET @saved_cs_client     = @@character_set_client */;
/*!50503 SET character_set_client = utf8mb4 */;
CREATE TABLE `productsizes` (
  `size_id` int NOT NULL AUTO_INCREMENT,
  `size` varchar(50) NOT NULL,
  `product_variant_id` int NOT NULL,
  `price` decimal(10,2) NOT NULL,
  `quantity` int NOT NULL,
  PRIMARY KEY (`size_id`),
  KEY `product_variant_id` (`product_variant_id`),
  CONSTRAINT `productsizes_ibfk_1` FOREIGN KEY (`product_variant_id`) REFERENCES `productvariants` (`variant_id`)
) ENGINE=InnoDB AUTO_INCREMENT=717 DEFAULT CHARSET=utf8mb4 COLLATE=utf8mb4_0900_ai_ci;
/*!40101 SET character_set_client = @saved_cs_client */;

--
-- Dumping data for table `productsizes`
--

LOCK TABLES `productsizes` WRITE;
/*!40000 ALTER TABLE `productsizes` DISABLE KEYS */;
INSERT INTO `productsizes` VALUES (1,'S',1,21600000.00,10),(2,'M',1,24000000.00,10),(3,'L',1,26400000.00,5),(4,'S',2,21600000.00,10),(5,'M',2,24000000.00,10),(6,'L',2,26400000.00,5),(7,'S',3,21600000.00,10),(8,'M',3,24000000.00,10),(9,'L',3,26400000.00,5),(10,'128GB',4,28800000.00,15),(11,'256GB',4,31200000.00,10),(12,'128GB',5,28800000.00,15),(13,'256GB',5,31200000.00,10),(14,'128GB',6,28800000.00,15),(15,'256GB',6,31200000.00,10),(16,'128GB',7,28800000.00,15),(17,'256GB',7,31200000.00,10),(18,'4GB',8,6000000.00,20),(19,'6GB',8,7200000.00,15),(20,'4GB',9,6000000.00,20),(21,'6GB',9,7200000.00,15),(22,'512GB',10,48000000.00,8),(23,'1TB',10,55200000.00,5),(24,'512GB',11,48000000.00,8),(25,'1TB',11,55200000.00,5),(26,'8GB',12,36000000.00,12),(27,'16GB',12,43200000.00,10),(28,'8GB',13,36000000.00,12),(29,'16GB',13,43200000.00,10),(30,'8GB',14,36000000.00,12),(31,'16GB',14,43200000.00,10),(32,'16GB',15,31200000.00,7),(33,'32GB',15,38400000.00,5),(34,'16GB',16,31200000.00,7),(35,'32GB',16,38400000.00,5),(36,'M',17,480000.00,50),(39,'L',20,528000.00,40),(40,'26',21,720000.00,30),(43,'28',24,768000.00,25),(44,'M',25,1200000.00,20),(47,'L',28,1320000.00,15),(48,'Default',29,360000.00,100),(49,'Default',30,360000.00,100),(50,'Default',31,360000.00,100),(51,'Default',32,600000.00,50),(52,'Default',33,720000.00,60),(53,'Default',34,2400000.00,20),(54,'Default',35,1920000.00,30),(55,'Default',36,2880000.00,10),(56,'Default',37,240000.00,100),(57,'Default',38,288000.00,80),(58,'Default',39,264000.00,90),(59,'Default',40,120000.00,200),(365,'Default',41,0.00,100),(366,'Default',42,0.00,100),(367,'Default',43,0.00,100),(368,'Default',44,0.00,100),(369,'Default',45,0.00,100),(370,'Default',46,0.00,100),(371,'S',47,400000.00,50),(372,'M',47,450000.00,50),(373,'L',47,500000.00,50),(374,'S',48,400000.00,50),(375,'M',48,450000.00,50),(376,'L',48,500000.00,50),(377,'S',49,400000.00,50),(378,'M',49,450000.00,50),(379,'L',49,500000.00,50),(380,'Default',50,300000.00,80),(381,'Default',51,350000.00,70),(382,'Default',52,250000.00,90),(383,'Default',53,280000.00,85),(384,'Default',54,200000.00,120),(385,'Default',55,220000.00,110),(386,'Default',56,450000.00,60),(387,'Light',57,380000.00,70),(388,'Medium',57,400000.00,70),(389,'Dark',57,420000.00,70),(390,'Light',58,380000.00,70),(391,'Medium',58,400000.00,70),(392,'Dark',58,420000.00,70),(393,'Light',59,380000.00,70),(394,'Medium',59,400000.00,70),(395,'Dark',59,420000.00,70),(396,'Default',60,320000.00,75),(397,'Default',61,180000.00,150),(398,'Default',62,280000.00,90),(399,'Default',63,260000.00,95),(400,'Default',64,210000.00,115),(401,'Default',65,150000.00,180),(402,'Nâu',66,200000.00,130),(403,'Đen',66,220000.00,130),(404,'Xám',66,240000.00,130),(405,'Nâu',67,200000.00,130),(406,'Đen',67,220000.00,130),(407,'Xám',67,240000.00,130),(408,'Nâu',68,200000.00,130),(409,'Đen',68,220000.00,130),(410,'Xám',68,240000.00,130),(411,'Default',69,480000.00,55),(412,'Default',70,220000.00,110),(413,'Beige',71,550000.00,65),(414,'Ivory',71,580000.00,65),(415,'Nude',71,610000.00,65),(416,'Hồng',72,350000.00,75),(417,'Cam',72,380000.00,75),(418,'Đỏ',72,400000.00,75),(419,'Hồng',73,350000.00,75),(420,'Cam',73,380000.00,75),(421,'Đỏ',73,400000.00,75),(422,'Hồng',74,350000.00,75),(423,'Cam',74,380000.00,75),(424,'Đỏ',74,400000.00,75),(425,'Default',75,420000.00,60),(426,'Trắng',76,250000.00,90),(427,'Xanh dương',76,270000.00,90),(428,'Đen',76,290000.00,90),(429,'Trắng',77,250000.00,90),(430,'Xanh dương',77,270000.00,90),(431,'Đen',77,290000.00,90),(432,'Trắng',78,250000.00,90),(433,'Xanh dương',78,270000.00,90),(434,'Đen',78,290000.00,90),(435,'Default',79,380000.00,70),(436,'Default',80,320000.00,80),(437,'Đen',81,500000.00,55),(438,'Xám',81,530000.00,55),(439,'Navy',81,560000.00,55),(440,'Đen',82,500000.00,55),(441,'Xám',82,530000.00,55),(442,'Navy',82,560000.00,55),(443,'Đen',83,500000.00,55),(444,'Xám',83,530000.00,55),(445,'Navy',83,560000.00,55),(446,'Đen',84,600000.00,45),(447,'Xám',84,630000.00,45),(448,'Than',84,660000.00,45),(449,'Đen',85,600000.00,45),(450,'Xám',85,630000.00,45),(451,'Than',85,660000.00,45),(452,'Đen',86,600000.00,45),(453,'Xám',86,630000.00,45),(454,'Than',86,660000.00,45),(455,'Trắng',87,700000.00,40),(456,'Đen',87,730000.00,40),(457,'Đỏ',87,760000.00,40),(458,'Trắng',88,700000.00,40),(459,'Đen',88,730000.00,40),(460,'Đỏ',88,760000.00,40),(461,'Trắng',89,700000.00,40),(462,'Đen',89,730000.00,40),(463,'Đỏ',89,760000.00,40),(464,'Đen',90,800000.00,35),(465,'Xám',90,830000.00,35),(466,'Xanh navy',90,860000.00,35),(467,'Đen',91,800000.00,35),(468,'Xám',91,830000.00,35),(469,'Xanh navy',91,860000.00,35),(470,'Đen',92,800000.00,35),(471,'Xám',92,830000.00,35),(472,'Xanh navy',92,860000.00,35),(473,'Đen',93,900000.00,30),(474,'Nâu',93,930000.00,30),(475,'Da bò',93,960000.00,30),(476,'Đen',94,900000.00,30),(477,'Nâu',94,930000.00,30),(478,'Da bò',94,960000.00,30),(479,'Đen',95,900000.00,30),(480,'Nâu',95,930000.00,30),(481,'Da bò',95,960000.00,30),(482,'Đỏ',96,750000.00,40),(483,'Đen',96,780000.00,40),(484,'Xanh lá',96,810000.00,40),(485,'Đỏ',97,750000.00,40),(486,'Đen',97,780000.00,40),(487,'Xanh lá',97,810000.00,40),(488,'Đỏ',98,750000.00,40),(489,'Đen',98,780000.00,40),(490,'Xanh lá',98,810000.00,40),(491,'Đen',99,650000.00,45),(492,'Xanh',99,680000.00,45),(493,'Beige',99,710000.00,45),(494,'Đen',100,650000.00,45),(495,'Xanh',100,680000.00,45),(496,'Beige',100,710000.00,45),(497,'Đen',101,650000.00,45),(498,'Xanh',101,680000.00,45),(499,'Beige',101,710000.00,45),(500,'S',102,580000.00,65),(501,'M',102,630000.00,65),(502,'L',102,680000.00,65),(503,'XL',102,730000.00,65),(504,'S',103,580000.00,65),(505,'M',103,630000.00,65),(506,'L',103,680000.00,65),(507,'XL',103,730000.00,65),(508,'S',104,580000.00,65),(509,'M',104,630000.00,65),(510,'L',104,680000.00,65),(511,'XL',104,730000.00,65),(512,'26',105,480000.00,75),(513,'27',105,500000.00,75),(514,'28',105,520000.00,75),(515,'26',106,480000.00,75),(516,'27',106,500000.00,75),(517,'28',106,520000.00,75),(518,'26',107,480000.00,75),(519,'27',107,500000.00,75),(520,'28',107,520000.00,75),(521,'35',108,950000.00,35),(522,'36',108,1000000.00,35),(523,'37',108,1050000.00,35),(524,'38',108,1100000.00,35),(525,'35',109,950000.00,35),(526,'36',109,1000000.00,35),(527,'37',109,1050000.00,35),(528,'38',109,1100000.00,35),(529,'35',110,950000.00,35),(530,'36',110,1000000.00,35),(531,'37',110,1050000.00,35),(532,'38',110,1100000.00,35),(533,'S',111,380000.00,80),(534,'M',111,430000.00,80),(535,'L',111,480000.00,80),(536,'XL',111,530000.00,80),(537,'S',112,380000.00,80),(538,'M',112,430000.00,80),(539,'L',112,480000.00,80),(540,'XL',112,530000.00,80),(541,'S',113,380000.00,80),(542,'M',113,430000.00,80),(543,'L',113,480000.00,80),(544,'XL',113,530000.00,80),(545,'28',114,450000.00,75),(546,'30',114,500000.00,75),(547,'32',114,550000.00,75),(548,'28',115,450000.00,75),(549,'30',115,500000.00,75),(550,'32',115,550000.00,75),(551,'28',116,450000.00,75),(552,'30',116,500000.00,75),(553,'32',116,550000.00,75),(554,'S',117,700000.00,45),(555,'M',117,750000.00,45),(556,'L',117,800000.00,45),(557,'XL',117,850000.00,45),(558,'S',118,700000.00,45),(559,'M',118,750000.00,45),(560,'L',118,800000.00,45),(561,'XL',118,850000.00,45),(562,'S',119,700000.00,45),(563,'M',119,750000.00,45),(564,'L',119,800000.00,45),(565,'XL',119,850000.00,45),(566,'39',120,1200000.00,30),(567,'40',120,1250000.00,30),(568,'41',120,1300000.00,30),(569,'42',120,1350000.00,30),(570,'39',121,1200000.00,30),(571,'40',121,1250000.00,30),(572,'41',121,1300000.00,30),(573,'42',121,1350000.00,30),(574,'39',122,1200000.00,30),(575,'40',122,1250000.00,30),(576,'41',122,1300000.00,30),(577,'42',122,1350000.00,30),(578,'S',123,400000.00,70),(579,'M',123,450000.00,70),(580,'L',123,500000.00,70),(581,'S',124,400000.00,70),(582,'M',124,450000.00,70),(583,'L',124,500000.00,70),(584,'S',125,400000.00,70),(585,'M',125,450000.00,70),(586,'L',125,500000.00,70),(587,'26',126,600000.00,55),(588,'27',126,620000.00,55),(589,'28',126,640000.00,55),(590,'29',126,660000.00,55),(591,'26',127,600000.00,55),(592,'27',127,620000.00,55),(593,'28',127,640000.00,55),(594,'29',127,660000.00,55),(595,'26',128,600000.00,55),(596,'27',128,620000.00,55),(597,'28',128,640000.00,55),(598,'29',128,660000.00,55),(599,'S',129,650000.00,60),(600,'M',129,700000.00,60),(601,'L',129,750000.00,60),(602,'S',130,650000.00,60),(603,'M',130,700000.00,60),(604,'L',130,750000.00,60),(605,'S',131,650000.00,60),(606,'M',131,700000.00,60),(607,'L',131,750000.00,60),(608,'35',132,800000.00,40),(609,'36',132,850000.00,40),(610,'37',132,900000.00,40),(611,'35',133,800000.00,40),(612,'36',133,850000.00,40),(613,'37',133,900000.00,40),(614,'35',134,800000.00,40),(615,'36',134,850000.00,40),(616,'37',134,900000.00,40),(617,'M',135,300000.00,100),(618,'L',135,320000.00,100),(619,'M',136,300000.00,100),(620,'L',136,320000.00,100),(621,'M',137,300000.00,100),(622,'L',137,320000.00,100),(623,'M',138,900000.00,50),(624,'L',138,950000.00,50),(625,'M',139,900000.00,50),(626,'L',139,950000.00,50),(627,'M',140,900000.00,50),(628,'L',140,950000.00,50),(629,'S',141,1100000.00,40),(630,'M',141,1150000.00,40),(631,'L',141,1200000.00,40),(632,'S',142,1100000.00,40),(633,'M',142,1150000.00,40),(634,'L',142,1200000.00,40),(635,'S',143,1100000.00,40),(636,'M',143,1150000.00,40),(637,'L',143,1200000.00,40),(638,'S',144,950000.00,60),(639,'M',144,1000000.00,60),(640,'L',144,1050000.00,60),(641,'S',145,950000.00,60),(642,'M',145,1000000.00,60),(643,'L',145,1050000.00,60),(644,'S',146,950000.00,60),(645,'M',146,1000000.00,60),(646,'L',146,1050000.00,60),(647,'S',147,650000.00,55),(648,'M',147,700000.00,55),(649,'L',147,750000.00,55),(650,'XL',147,800000.00,55),(651,'S',148,650000.00,55),(652,'M',148,700000.00,55),(653,'L',148,750000.00,55),(654,'XL',148,800000.00,55),(655,'S',149,650000.00,55),(656,'M',149,700000.00,55),(657,'L',149,750000.00,55),(658,'XL',149,800000.00,55),(659,'S',150,500000.00,80),(660,'M',150,550000.00,80),(661,'L',150,600000.00,80),(662,'S',151,500000.00,80),(663,'M',151,550000.00,80),(664,'L',151,600000.00,80),(665,'S',152,500000.00,80),(666,'M',152,550000.00,80),(667,'L',152,600000.00,80),(668,'Default',153,2200000.00,20),(669,'Default',154,450000.00,50),(670,'Default',155,400000.00,90),(671,'Default',156,250000.00,120),(672,'Default',157,750000.00,40),(673,'Cuốn',283,75000.00,200),(674,'Cuốn',284,85000.00,180),(675,'Default',285,350000.00,150),(676,'Default',286,900000.00,55),(677,'Default',287,850000.00,65),(678,'Default',288,250000.00,180),(679,'Cuốn',289,95000.00,220),(680,'Default',290,60000.00,240),(681,'Default',291,40000.00,320),(682,'Default',292,430000.00,90),(683,'Default',293,550000.00,75),(684,'Tấm',294,250000.00,160),(685,'Cuốn',295,50000.00,290),(686,'Cuốn',296,90000.00,160),(687,'Cuốn',297,40000.00,310),(688,'Default',298,75000.00,210),(689,'Cây',299,20000.00,500),(690,'Quyển',300,15000.00,600),(691,'Cuốn',301,45000.00,270),(692,'Cuốn',302,85000.00,190),(693,'Cây',303,10000.00,700),(694,'Cái',304,6000.00,800),(695,'Cuốn',305,50000.00,250),(696,'Cuốn',306,80000.00,200),(697,'Cái',307,30000.00,400),(698,'Cái',308,12000.00,900),(699,'Cuốn',309,60000.00,230),(700,'Cuốn',310,90000.00,170),(701,'Cái',311,9000.00,750),(702,'Cái',312,20000.00,450),(703,'Cuốn',313,55000.00,240),(704,'Cuốn',314,90000.00,180),(705,'Cái',315,7000.00,850),(706,'Cái',316,10000.00,700),(707,'Cuốn',317,60000.00,220),(708,'Cuốn',318,95000.00,170),(709,'Cây',319,12000.00,650),(710,'Cây',320,12000.00,650),(711,'Cây',321,12000.00,650),(712,'Tập',322,10000.00,700),(713,'Cuốn',323,50000.00,260),(714,'Cuốn',324,80000.00,190),(715,'Cái',325,15000.00,600),(716,'Cái',326,18000.00,550);
/*!40000 ALTER TABLE `productsizes` ENABLE KEYS */;
UNLOCK TABLES;

--
-- Table structure for table `productvariants`
--

DROP TABLE IF EXISTS `productvariants`;
/*!40101 SET @saved_cs_client     = @@character_set_client */;
/*!50503 SET character_set_client = utf8mb4 */;
CREATE TABLE `productvariants` (
  `variant_id` int NOT NULL AUTO_INCREMENT,
  `product_id` int NOT NULL,
  `color` varchar(50) DEFAULT NULL,
  `image_url` varchar(255) DEFAULT NULL,
  PRIMARY KEY (`variant_id`),
  KEY `product_id` (`product_id`),
  CONSTRAINT `productvariants_ibfk_1` FOREIGN KEY (`product_id`) REFERENCES `products` (`product_id`)
) ENGINE=InnoDB AUTO_INCREMENT=327 DEFAULT CHARSET=utf8mb4 COLLATE=utf8mb4_0900_ai_ci;
/*!40101 SET character_set_client = @saved_cs_client */;

--
-- Dumping data for table `productvariants`
--

LOCK TABLES `productvariants` WRITE;
/*!40000 ALTER TABLE `productvariants` DISABLE KEYS */;
INSERT INTO `productvariants` VALUES (1,1,'Đen','image/products_variant/1.jpg'),(2,1,'Trắng','image/products_variant/2.jpg'),(3,1,'Xanh','image/products_variant/3.jpg'),(4,2,'Đen','image/products_variant/4.jpg'),(5,2,'Xanh','image/products_variant/5.jpg'),(6,2,'Tím','image/products_variant/6.jpg'),(7,2,'Kem','image/products_variant/7.jpg'),(8,3,'Xám','image/products_variant/8.jpg'),(9,3,'Xanh','image/products_variant/9.jpg'),(10,4,'Bạc','image/products_variant/10.jpg'),(11,4,'Xám','image/products_variant/11.jpg'),(12,5,'Bạc','image/products_variant/12.jpg'),(13,5,'Đen','image/products_variant/13.jpg'),(14,5,'Trắng','image/products_variant/14.jpg'),(15,6,'Đen','image/products_variant/15.jpg'),(16,6,'Xám','image/products_variant/16.jpg'),(17,7,'Trắng','image/products_variant/17.jpg'),(20,7,'Đen','image/products_variant/20.jpg'),(21,8,'Xanh đậm','image/products_variant/21.jpg'),(24,8,'Xanh nhạt','image/products_variant/24.jpg'),(25,9,'Đen','image/products_variant/25.jpg'),(28,9,'Xanh rêu','image/products_variant/28.jpg'),(29,10,'Đỏ cam','image/products_variant/29.jpg'),(30,10,'Hồng đất','image/products_variant/30.jpg'),(31,10,'Cam đào','image/products_variant/31.jpg'),(32,11,NULL,'image/products_variant/32.jpg'),(33,12,NULL,'image/products_variant/33.jpg'),(34,13,NULL,'image/products_variant/34.jpg'),(35,14,NULL,'image/products_variant/35.jpg'),(36,15,NULL,'image/products_variant/36.jpg'),(37,16,NULL,'image/products_variant/37.jpg'),(38,17,NULL,'image/products_variant/38.jpg'),(39,18,NULL,'image/products_variant/39.jpg'),(40,19,NULL,'image/products_variant/40.jpg'),(41,20,NULL,'image/products_variant/40.jpg'),(42,21,NULL,'image/products_variant/41.jpg'),(43,22,NULL,'image/products_variant/42.jpg'),(44,23,NULL,'image/products_variant/43.jpg'),(45,24,NULL,'image/products_variant/44.jpg'),(46,25,NULL,'image/products_variant/45.jpg'),(47,26,'Hồng','image/products_variant/46.jpg'),(48,26,'Tím','image/products_variant/47.jpg'),(49,26,'Trắng','image/products_variant/48.jpg'),(50,27,NULL,'image/products_variant/49.jpg'),(51,28,NULL,'image/products_variant/50.jpg'),(52,29,NULL,'image/products_variant/51.jpg'),(53,30,NULL,'image/products_variant/52.jpg'),(54,31,NULL,'image/products_variant/53.jpg'),(55,32,NULL,'image/products_variant/54.jpg'),(56,33,NULL,'image/products_variant/55.jpg'),(57,34,'Trắng','image/products_variant/56.jpg'),(58,34,'Beige','image/products_variant/57.jpg'),(59,34,'Nâu','image/products_variant/58.jpg'),(60,35,'Đen','image/products_variant/59.jpg'),(61,36,NULL,'image/products_variant/60.jpg'),(62,37,NULL,'image/products_variant/61.jpg'),(63,38,NULL,'image/products_variant/62.jpg'),(64,39,'Đen','image/products_variant/63.jpg'),(65,40,NULL,'image/products_variant/64.jpg'),(66,41,'Nâu','image/products_variant/65.jpg'),(67,41,'Đen','image/products_variant/66.jpg'),(68,41,'Xám','image/products_variant/67.jpg'),(69,42,NULL,'image/products_variant/68.jpg'),(70,43,NULL,'image/products_variant/69.jpg'),(71,44,NULL,'image/products_variant/70.jpg'),(72,45,'Beige','image/products_variant/71.jpg'),(73,45,'Ivory','image/products_variant/72.jpg'),(74,45,'Nude','image/products_variant/73.jpg'),(75,46,NULL,'image/products_variant/74.jpg'),(76,47,'Hồng','image/products_variant/75.jpg'),(77,47,'Cam','image/products_variant/76.jpg'),(78,47,'Đỏ','image/products_variant/77.jpg'),(79,48,NULL,'image/products_variant/78.jpg'),(80,49,NULL,'image/products_variant/79.jpg'),(81,50,'Trắng','image/products_variant/80.jpg'),(82,50,'Xanh dương','image/products_variant/81.jpg'),(83,50,'Đen','image/products_variant/82.jpg'),(84,51,'Đen','image/products_variant/83.jpg'),(85,51,'Xám','image/products_variant/84.jpg'),(86,51,'Navy','image/products_variant/85.jpg'),(87,52,'Trắng','image/products_variant/86.jpg'),(88,52,'Đen','image/products_variant/87.jpg'),(89,52,'Đỏ','image/products_variant/88.jpg'),(90,53,'Đen','image/products_variant/89.jpg'),(91,53,'Xám','image/products_variant/90.jpg'),(92,53,'Xanh than','image/products_variant/91.jpg'),(93,54,'Đen','image/products_variant/92.jpg'),(94,54,'Nâu','image/products_variant/93.jpg'),(95,54,'Da bò','image/products_variant/94.jpg'),(96,55,'Đỏ','image/products_variant/95.jpg'),(97,55,'Đen','image/products_variant/96.jpg'),(98,55,'Xanh lá','image/products_variant/97.jpg'),(99,56,'Đen','image/products_variant/98.jpg'),(100,56,'Xanh','image/products_variant/99.jpg'),(101,56,'Beige','image/products_variant/100.jpg'),(102,57,'Trắng','image/products_variant/101.jpg'),(103,57,'Hồng','image/products_variant/102.jpg'),(104,57,'Vàng','image/products_variant/103.jpg'),(105,58,'Đen','image/products_variant/104.jpg'),(106,58,'Nâu','image/products_variant/105.jpg'),(107,58,'Xám','image/products_variant/106.jpg'),(108,59,'Đen','image/products_variant/107.jpg'),(109,59,'Đỏ','image/products_variant/108.jpg'),(110,59,'Kem','image/products_variant/109.jpg'),(111,60,'Trắng','image/products_variant/110.jpg'),(112,60,'Đen','image/products_variant/111.jpg'),(113,60,'Xanh navy','image/products_variant/112.jpg'),(114,61,'Beige','image/products_variant/113.jpg'),(115,61,'Xanh rêu','image/products_variant/114.jpg'),(116,61,'Nâu đất','image/products_variant/115.jpg'),(117,62,'Xám','image/products_variant/116.jpg'),(118,62,'Xanh navy','image/products_variant/117.jpg'),(119,62,'Đen','image/products_variant/118.jpg'),(120,63,'Trắng','image/products_variant/119.jpg'),(121,63,'Đen','image/products_variant/120.jpg'),(122,63,'Đỏ','image/products_variant/121.jpg'),(123,64,'Trắng','image/products_variant/122.jpg'),(124,64,'Đen','image/products_variant/123.jpg'),(125,64,'Hồng','image/products_variant/124.jpg'),(126,65,'Xanh denim','image/products_variant/125.jpg'),(127,65,'Đen','image/products_variant/126.jpg'),(128,65,'Xám','image/products_variant/127.jpg'),(129,66,'Beige','image/products_variant/128.jpg'),(130,66,'Xám','image/products_variant/129.jpg'),(131,66,'Nâu','image/products_variant/130.jpg'),(132,67,'Đen','image/products_variant/131.jpg'),(133,67,'Nâu','image/products_variant/132.jpg'),(134,67,'Đỏ','image/products_variant/133.jpg'),(135,68,'Đen','image/products_variant/134.jpg'),(136,68,'Nâu','image/products_variant/135.jpg'),(137,68,'Da bò','image/products_variant/136.jpg'),(138,69,'Đen','image/products_variant/137.jpg'),(139,70,'Nâu','image/products_variant/138.jpg'),(140,70,'Beige','image/products_variant/139.jpg'),(141,71,'Đỏ','image/products_variant/140.jpg'),(142,71,'Xanh','image/products_variant/141.jpg'),(143,71,'Vàng','image/products_variant/142.jpg'),(144,72,'Đen','image/products_variant/143.jpg'),(145,72,'Xám','image/products_variant/144.jpg'),(146,72,'Xanh navy','image/products_variant/145.jpg'),(147,73,'Hồng','image/products_variant/146.jpg'),(148,73,'Trắng','image/products_variant/147.jpg'),(149,73,'Tím','image/products_variant/148.jpg'),(150,74,'Đen','image/products_variant/149.jpg'),(151,74,'Nâu','image/products_variant/150.jpg'),(152,74,'Bạc','image/products_variant/151.jpg'),(153,75,'Trắng','image/products_variant/152.jpg'),(154,75,'Xanh','image/products_variant/153.jpg'),(155,75,'Đen','image/products_variant/154.jpg'),(156,76,'Đen','image/products_variant/155.jpg'),(157,76,'Xám','image/products_variant/156.jpg'),(158,76,'Xanh navy','image/products_variant/157.jpg'),(159,77,'Bạc','image/products_variant/158.jpg'),(160,77,'Vàng','image/products_variant/159.jpg'),(161,77,'Hồng','image/products_variant/160.jpg'),(162,78,'Đen','image/products_variant/161.jpg'),(163,78,'Xám','image/products_variant/162.jpg'),(164,78,'Xanh lá','image/products_variant/163.jpg'),(165,79,'Beige','image/products_variant/164.jpg'),(166,79,'Hồng','image/products_variant/165.jpg'),(167,79,'Xanh dương','image/products_variant/166.jpg'),(168,80,'Hồng','image/products_variant/167.jpg'),(169,80,'Xanh','image/products_variant/168.jpg'),(170,80,'Vàng','image/products_variant/169.jpg'),(171,81,'Trắng','image/products_variant/170.jpg'),(172,81,'Kem','image/products_variant/171.jpg'),(173,81,'Hồng','image/products_variant/172.jpg'),(174,82,'Đen','image/products_variant/173.jpg'),(175,82,'Nâu','image/products_variant/174.jpg'),(176,82,'Xanh lá','image/products_variant/175.jpg'),(177,83,'Trắng','image/products_variant/176.jpg'),(178,83,'Hồng','image/products_variant/177.jpg'),(179,83,'Xanh dương','image/products_variant/178.jpg'),(180,84,'Đen','image/products_variant/179.jpg'),(181,84,'Xám','image/products_variant/180.jpg'),(182,84,'Xanh navy','image/products_variant/181.jpg'),(183,85,'Xám','image/products_variant/182.jpg'),(184,86,'Đen','image/products_variant/183.jpg'),(185,87,'Xanh rêu','image/products_variant/184.jpg'),(186,88,'Xanh denim','image/products_variant/185.jpg'),(187,89,'Đen','image/products_variant/186.jpg'),(188,90,'Xám','image/products_variant/187.jpg'),(189,91,'Beige','image/products_variant/188.jpg'),(190,92,'Hồng','image/products_variant/189.jpg'),(191,92,'Trắng','image/products_variant/190.jpg'),(192,93,'Nâu','image/products_variant/191.jpg'),(193,93,'Đen','image/products_variant/192.jpg'),(194,93,'Kem','image/products_variant/193.jpg'),(195,94,'Đỏ tươi','image/products_variant/194.jpg'),(196,95,'Nude','image/products_variant/195.jpg'),(197,96,'Beige','image/products_variant/196.jpg'),(198,96,'Ivory','image/products_variant/197.jpg'),(199,96,'Caramel','image/products_variant/198.jpg'),(200,97,'Đen','image/products_variant/199.jpg'),(201,98,'Nâu','image/products_variant/200.jpg'),(202,98,'Đen','image/products_variant/201.jpg'),(203,98,'Xám','image/products_variant/202.jpg'),(204,99,'Trong','image/products_variant/203.jpg'),(205,100,'Trắng','image/products_variant/203.jpg'),(206,100,'Đen','image/products_variant/204.jpg'),(207,100,'Xám','image/products_variant/205.jpg'),(208,101,'Beige','image/products_variant/206.jpg'),(209,101,'Xanh rêu','image/products_variant/207.jpg'),(210,101,'Nâu','image/products_variant/208.jpg'),(211,102,'Trắng ngọc trai','image/products_variant/209.jpg'),(212,102,'Hồng ngọc trai','image/products_variant/210.jpg'),(213,103,'Bạc','image/products_variant/211.jpg'),(214,103,'Vàng','image/products_variant/212.jpg'),(215,104,NULL,'image/products_variant/213.jpg'),(216,105,'Beige','image/products_variant/214.jpg'),(217,105,'Ivory','image/products_variant/215.jpg'),(218,105,'Nude','image/products_variant/216.jpg'),(219,106,'Đen','image/products_variant/217.jpg'),(220,106,'Xanh navy','image/products_variant/218.jpg'),(221,106,'Beige','image/products_variant/219.jpg'),(222,107,'Trắng','image/products_variant/220.jpg'),(223,107,'Hồng','image/products_variant/221.jpg'),(224,107,'Xanh dương','image/products_variant/222.jpg'),(225,108,'Beige','image/products_variant/223.jpg'),(226,108,'Đen','image/products_variant/224.jpg'),(227,108,'Xanh lá','image/products_variant/225.jpg'),(228,109,'Đen','image/products_variant/226.jpg'),(229,109,'Nâu','image/products_variant/227.jpg'),(230,109,'Beige','image/products_variant/228.jpg'),(231,110,NULL,'image/products_variant/229.jpg'),(232,111,NULL,'image/products_variant/230.jpg'),(233,112,NULL,'image/products_variant/231.jpg'),(234,113,NULL,'image/products_variant/232.jpg'),(235,114,NULL,'image/products_variant/233.jpg'),(236,115,NULL,'image/products_variant/234.jpg'),(237,116,'Đen','image/products_variant/235.jpg'),(238,116,'Trắng','image/products_variant/236.jpg'),(239,117,NULL,'image/products_variant/237.jpg'),(240,118,NULL,'image/products_variant/238.jpg'),(241,119,NULL,'image/products_variant/239.jpg'),(242,120,NULL,'image/products_variant/240.jpg'),(243,121,NULL,'image/products_variant/241.jpg'),(244,122,NULL,'image/products_variant/242.jpg'),(245,123,NULL,'image/products_variant/243.jpg'),(246,124,'Đen','image/products_variant/244.jpg'),(247,124,'Xanh','image/products_variant/245.jpg'),(248,124,'Đỏ','image/products_variant/246.jpg'),(249,125,NULL,'image/products_variant/247.jpg'),(250,126,NULL,'image/products_variant/248.jpg'),(251,127,NULL,'image/products_variant/249.jpg'),(252,128,NULL,'image/products_variant/250.jpg'),(253,129,NULL,'image/products_variant/251.jpg'),(254,130,NULL,'image/products_variant/252.jpg'),(255,131,NULL,'image/products_variant/253.jpg'),(256,132,'Đen','image/products_variant/254.jpg'),(257,133,NULL,'image/products_variant/255.jpg'),(258,134,NULL,'image/products_variant/256.jpg'),(259,135,'Đen','image/products_variant/257.jpg'),(260,135,'Trắng','image/products_variant/258.jpg'),(261,136,NULL,'image/products_variant/259.jpg'),(262,137,NULL,'image/products_variant/260.jpg'),(263,138,NULL,'image/products_variant/261.jpg'),(264,139,NULL,'image/products_variant/262.jpg'),(265,140,NULL,'image/products_variant/263.jpg'),(266,141,NULL,'image/products_variant/264.jpg'),(267,142,NULL,'image/products_variant/265.jpg'),(268,143,NULL,'image/products_variant/266.jpg'),(269,144,NULL,'image/products_variant/267.jpg'),(270,145,NULL,'image/products_variant/268.jpg'),(271,146,NULL,'image/products_variant/269.jpg'),(272,147,NULL,'image/products_variant/270.jpg'),(273,148,NULL,'image/products_variant/271.jpg'),(274,149,NULL,'image/products_variant/272.jpg'),(275,150,NULL,'image/products_variant/273.jpg'),(276,151,NULL,'image/products_variant/274.jpg'),(277,152,NULL,'image/products_variant/275.jpg'),(278,153,NULL,'image/products_variant/276.jpg'),(279,154,NULL,'image/products_variant/277.jpg'),(280,155,NULL,'image/products_variant/278.jpg'),(281,156,NULL,'image/products_variant/279.jpg'),(282,157,NULL,'image/products_variant/280.jpg'),(283,158,NULL,'image/products_variant/281.jpg'),(284,159,NULL,'image/products_variant/282.jpg'),(285,160,NULL,'image/products_variant/283.jpg'),(286,161,NULL,'image/products_variant/284.jpg'),(287,162,NULL,'image/products_variant/285.jpg'),(288,163,NULL,'image/products_variant/286.jpg'),(289,164,NULL,'image/products_variant/287.jpg'),(290,165,NULL,'image/products_variant/288.jpg'),(291,166,NULL,'image/products_variant/289.jpg'),(292,167,NULL,'image/products_variant/290.jpg'),(293,168,NULL,'image/products_variant/291.jpg'),(294,169,NULL,'image/products_variant/292.jpg'),(295,170,NULL,'image/products_variant/293.jpg'),(296,171,NULL,'image/products_variant/294.jpg'),(297,172,NULL,'image/products_variant/295.jpg'),(298,173,NULL,'image/products_variant/296.jpg'),(299,174,NULL,'image/products_variant/297.jpg'),(300,175,NULL,'image/products_variant/298.jpg'),(301,176,NULL,'image/products_variant/299.jpg'),(302,177,NULL,'image/products_variant/300.jpg'),(303,178,NULL,'image/products_variant/301.jpg'),(304,179,NULL,'image/products_variant/302.jpg'),(305,180,NULL,'image/products_variant/303.jpg'),(306,181,NULL,'image/products_variant/304.jpg'),(307,182,NULL,'image/products_variant/305.jpg'),(308,183,NULL,'image/products_variant/306.jpg'),(309,184,NULL,'image/products_variant/307.jpg'),(310,185,NULL,'image/products_variant/308.jpg'),(311,186,NULL,'image/products_variant/309.jpg'),(312,187,NULL,'image/products_variant/310.jpg'),(313,188,NULL,'image/products_variant/311.jpg'),(314,189,NULL,'image/products_variant/312.jpg'),(315,190,NULL,'image/products_variant/313.jpg'),(316,191,NULL,'image/products_variant/314.jpg'),(317,192,NULL,'image/products_variant/315.jpg'),(318,193,NULL,'image/products_variant/316.jpg'),(319,194,'Vàng','image/products_variant/317.jpg'),(320,194,'Hồng','image/products_variant/318.jpg'),(321,194,'Xanh lá','image/products_variant/319.jpg'),(322,195,NULL,'image/products_variant/320.jpg'),(323,196,NULL,'image/products_variant/321.jpg'),(324,197,NULL,'image/products_variant/322.jpg'),(325,198,NULL,'image/products_variant/323.jpg'),(326,199,NULL,'image/products_variant/324.jpg');
/*!40000 ALTER TABLE `productvariants` ENABLE KEYS */;
UNLOCK TABLES;

--
-- Table structure for table `reviewsimage`
--

DROP TABLE IF EXISTS `reviewsimage`;
/*!40101 SET @saved_cs_client     = @@character_set_client */;
/*!50503 SET character_set_client = utf8mb4 */;
CREATE TABLE `reviewsimage` (
  `image_id` int NOT NULL AUTO_INCREMENT,
  `review_id` int NOT NULL,
  `image_url` varchar(255) NOT NULL,
  PRIMARY KEY (`image_id`),
  KEY `review_id` (`review_id`),
  CONSTRAINT `reviewsimage_ibfk_1` FOREIGN KEY (`review_id`) REFERENCES `productreviews` (`review_id`)
) ENGINE=InnoDB AUTO_INCREMENT=1608 DEFAULT CHARSET=utf8mb4 COLLATE=utf8mb4_0900_ai_ci;
/*!40101 SET character_set_client = @saved_cs_client */;

--
-- Dumping data for table `reviewsimage`
--

LOCK TABLES `reviewsimage` WRITE;
/*!40000 ALTER TABLE `reviewsimage` DISABLE KEYS */;
INSERT INTO `reviewsimage` VALUES (132,1,'image/reviews/1.jpg'),(133,1,'image/reviews/2.jpg'),(134,2,'image/reviews/3.jpg'),(135,2,'image/reviews/4.jpg'),(136,2,'image/reviews/5.jpg'),(137,3,'image/reviews/6.jpg'),(138,3,'image/reviews/7.jpg'),(139,4,'image/reviews/8.jpg'),(140,4,'image/reviews/9.jpg'),(141,5,'image/reviews/10.jpg'),(142,5,'image/reviews/11.jpg'),(143,5,'image/reviews/12.jpg'),(144,6,'image/reviews/13.jpg'),(145,6,'image/reviews/14.jpg'),(146,7,'image/reviews/15.jpg'),(147,7,'image/reviews/16.jpg'),(148,8,'image/reviews/17.jpg'),(149,8,'image/reviews/18.jpg'),(150,8,'image/reviews/19.jpg'),(151,9,'image/reviews/20.jpg'),(152,9,'image/reviews/21.jpg'),(153,10,'image/reviews/22.jpg'),(154,10,'image/reviews/23.jpg'),(155,11,'image/reviews/24.jpg'),(156,11,'image/reviews/25.jpg'),(157,11,'image/reviews/26.jpg'),(158,12,'image/reviews/27.jpg'),(159,12,'image/reviews/28.jpg'),(160,13,'image/reviews/29.jpg'),(161,13,'image/reviews/30.jpg'),(162,14,'image/reviews/31.jpg'),(163,14,'image/reviews/32.jpg'),(164,15,'image/reviews/33.jpg'),(165,15,'image/reviews/34.jpg'),(166,16,'image/reviews/35.jpg'),(167,16,'image/reviews/36.jpg'),(168,17,'image/reviews/37.jpg'),(169,17,'image/reviews/38.jpg'),(170,18,'image/reviews/39.jpg'),(171,18,'image/reviews/40.jpg'),(172,19,'image/reviews/41.jpg'),(173,19,'image/reviews/42.jpg'),(174,20,'image/reviews/43.jpg'),(175,20,'image/reviews/44.jpg'),(176,21,'image/reviews/45.jpg'),(177,21,'image/reviews/46.jpg'),(178,22,'image/reviews/47.jpg'),(179,22,'image/reviews/48.jpg'),(180,23,'image/reviews/49.jpg'),(181,23,'image/reviews/50.jpg'),(182,24,'image/reviews/51.jpg'),(183,24,'image/reviews/52.jpg'),(184,25,'image/reviews/53.jpg'),(185,25,'image/reviews/54.jpg'),(186,26,'image/reviews/55.jpg'),(187,26,'image/reviews/56.jpg'),(188,27,'image/reviews/57.jpg'),(189,27,'image/reviews/58.jpg'),(190,28,'image/reviews/59.jpg'),(191,28,'image/reviews/60.jpg'),(192,29,'image/reviews/61.jpg'),(193,29,'image/reviews/62.jpg'),(194,30,'image/reviews/63.jpg'),(195,30,'image/reviews/64.jpg'),(196,31,'image/reviews/65.jpg'),(197,31,'image/reviews/66.jpg'),(198,32,'image/reviews/67.jpg'),(199,32,'image/reviews/68.jpg'),(200,33,'image/reviews/69.jpg'),(201,33,'image/reviews/70.jpg'),(202,34,'image/reviews/71.jpg'),(203,34,'image/reviews/72.jpg'),(204,35,'image/reviews/73.jpg'),(205,35,'image/reviews/74.jpg'),(206,36,'image/reviews/75.jpg'),(207,36,'image/reviews/76.jpg'),(208,37,'image/reviews/77.jpg'),(209,37,'image/reviews/78.jpg'),(210,38,'image/reviews/79.jpg'),(211,38,'image/reviews/80.jpg'),(212,39,'image/reviews/81.jpg'),(213,39,'image/reviews/82.jpg'),(214,40,'image/reviews/83.jpg'),(215,40,'image/reviews/84.jpg'),(216,41,'image/reviews/85.jpg'),(217,41,'image/reviews/86.jpg'),(218,42,'image/reviews/87.jpg'),(219,42,'image/reviews/88.jpg'),(220,43,'image/reviews/89.jpg'),(221,43,'image/reviews/90.jpg'),(222,44,'image/reviews/91.jpg'),(223,44,'image/reviews/92.jpg'),(224,45,'image/reviews/93.jpg'),(225,45,'image/reviews/94.jpg'),(226,46,'image/reviews/95.jpg'),(227,46,'image/reviews/96.jpg'),(228,47,'image/reviews/97.jpg'),(229,47,'image/reviews/98.jpg'),(230,48,'image/reviews/99.jpg'),(231,48,'image/reviews/100.jpg'),(232,49,'image/reviews/101.jpg'),(233,49,'image/reviews/102.jpg'),(234,50,'image/reviews/103.jpg'),(235,50,'image/reviews/104.jpg'),(236,51,'image/reviews/105.jpg'),(237,51,'image/reviews/106.jpg'),(238,52,'image/reviews/107.jpg'),(239,52,'image/reviews/108.jpg'),(240,53,'image/reviews/109.jpg'),(241,53,'image/reviews/110.jpg'),(242,54,'image/reviews/111.jpg'),(243,54,'image/reviews/112.jpg'),(244,55,'image/reviews/113.jpg'),(245,55,'image/reviews/114.jpg'),(246,56,'image/reviews/115.jpg'),(247,56,'image/reviews/116.jpg'),(248,57,'image/reviews/117.jpg'),(249,57,'image/reviews/118.jpg'),(250,58,'image/reviews/119.jpg'),(251,58,'image/reviews/120.jpg'),(252,59,'image/reviews/121.jpg'),(253,59,'image/reviews/122.jpg'),(254,60,'image/reviews/123.jpg'),(255,60,'image/reviews/124.jpg'),(256,61,'image/reviews/125.jpg'),(257,61,'image/reviews/126.jpg'),(258,62,'image/reviews/127.jpg'),(259,62,'image/reviews/128.jpg'),(260,63,'image/reviews/129.jpg'),(261,63,'image/reviews/130.jpg'),(262,64,'image/reviews/131.jpg'),(263,65,'image/reviews/132.jpg'),(264,65,'image/reviews/133.jpg'),(265,66,'image/reviews/134.jpg'),(266,67,'image/reviews/135.jpg'),(267,67,'image/reviews/136.jpg'),(268,68,'image/reviews/137.jpg'),(269,69,'image/reviews/138.jpg'),(270,69,'image/reviews/139.jpg'),(271,70,'image/reviews/140.jpg'),(272,71,'image/reviews/141.jpg'),(273,71,'image/reviews/142.jpg'),(274,72,'image/reviews/143.jpg'),(275,73,'image/reviews/144.jpg'),(276,74,'image/reviews/145.jpg'),(277,74,'image/reviews/146.jpg'),(278,75,'image/reviews/147.jpg'),(279,76,'image/reviews/148.jpg'),(280,76,'image/reviews/149.jpg'),(281,77,'image/reviews/150.jpg'),(282,78,'image/reviews/151.jpg'),(283,78,'image/reviews/152.jpg'),(284,79,'image/reviews/153.jpg'),(285,80,'image/reviews/154.jpg'),(286,81,'image/reviews/155.jpg'),(287,81,'image/reviews/156.jpg'),(288,82,'image/reviews/157.jpg'),(289,83,'image/reviews/158.jpg'),(290,83,'image/reviews/159.jpg'),(291,84,'image/reviews/160.jpg'),(292,85,'image/reviews/161.jpg'),(293,85,'image/reviews/162.jpg'),(294,86,'image/reviews/163.jpg'),(295,87,'image/reviews/164.jpg'),(296,87,'image/reviews/165.jpg'),(297,88,'image/reviews/166.jpg'),(298,89,'image/reviews/167.jpg'),(299,90,'image/reviews/168.jpg'),(300,90,'image/reviews/169.jpg'),(301,91,'image/reviews/170.jpg'),(302,92,'image/reviews/171.jpg'),(303,92,'image/reviews/172.jpg'),(304,93,'image/reviews/173.jpg'),(305,94,'image/reviews/174.jpg'),(306,95,'image/reviews/175.jpg'),(307,95,'image/reviews/176.jpg'),(308,96,'image/reviews/177.jpg'),(309,97,'image/reviews/178.jpg'),(310,97,'image/reviews/179.jpg'),(311,98,'image/reviews/180.jpg'),(312,99,'image/reviews/181.jpg'),(313,99,'image/reviews/182.jpg'),(314,100,'image/reviews/183.jpg'),(315,101,'image/reviews/184.jpg'),(316,101,'image/reviews/185.jpg'),(317,102,'image/reviews/186.jpg'),(318,103,'image/reviews/187.jpg'),(319,104,'image/reviews/188.jpg'),(320,104,'image/reviews/189.jpg'),(321,105,'image/reviews/190.jpg'),(322,106,'image/reviews/191.jpg'),(323,106,'image/reviews/192.jpg'),(324,107,'image/reviews/193.jpg'),(325,108,'image/reviews/194.jpg'),(326,108,'image/reviews/195.jpg'),(327,109,'image/reviews/196.jpg'),(328,110,'image/reviews/197.jpg'),(329,110,'image/reviews/198.jpg'),(330,111,'image/reviews/199.jpg'),(331,112,'image/reviews/200.jpg'),(332,112,'image/reviews/201.jpg'),(333,113,'image/reviews/202.jpg'),(334,114,'image/reviews/203.jpg'),(335,115,'image/reviews/204.jpg'),(336,115,'image/reviews/205.jpg'),(337,116,'image/reviews/206.jpg'),(338,117,'image/reviews/207.jpg'),(339,117,'image/reviews/208.jpg'),(340,118,'image/reviews/209.jpg'),(341,119,'image/reviews/210.jpg'),(342,119,'image/reviews/211.jpg'),(343,120,'image/reviews/212.jpg'),(344,121,'image/reviews/213.jpg'),(345,121,'image/reviews/214.jpg'),(346,122,'image/reviews/215.jpg'),(347,123,'image/reviews/216.jpg'),(348,124,'image/reviews/217.jpg'),(349,124,'image/reviews/218.jpg'),(350,125,'image/reviews/219.jpg'),(351,126,'image/reviews/220.jpg'),(352,126,'image/reviews/221.jpg'),(353,127,'image/reviews/222.jpg'),(354,128,'image/reviews/223.jpg'),(355,128,'image/reviews/224.jpg'),(356,129,'image/reviews/225.jpg'),(357,130,'image/reviews/226.jpg'),(358,130,'image/reviews/227.jpg'),(359,131,'image/reviews/228.jpg'),(360,132,'image/reviews/229.jpg'),(361,132,'image/reviews/230.jpg'),(362,133,'image/reviews/231.jpg'),(363,134,'image/reviews/232.jpg'),(364,135,'image/reviews/233.jpg'),(365,135,'image/reviews/234.jpg'),(366,136,'image/reviews/235.jpg'),(367,137,'image/reviews/236.jpg'),(368,137,'image/reviews/237.jpg'),(369,138,'image/reviews/238.jpg'),(370,139,'image/reviews/239.jpg'),(371,139,'image/reviews/240.jpg'),(372,140,'image/reviews/241.jpg'),(373,141,'image/reviews/242.jpg'),(374,141,'image/reviews/243.jpg'),(375,142,'image/reviews/244.jpg'),(376,143,'image/reviews/245.jpg'),(377,144,'image/reviews/246.jpg'),(378,144,'image/reviews/247.jpg'),(379,145,'image/reviews/248.jpg'),(380,146,'image/reviews/249.jpg'),(381,146,'image/reviews/250.jpg'),(382,147,'image/reviews/251.jpg'),(383,148,'image/reviews/252.jpg'),(384,148,'image/reviews/253.jpg'),(385,149,'image/reviews/254.jpg'),(386,150,'image/reviews/255.jpg'),(387,150,'image/reviews/256.jpg'),(388,151,'image/reviews/257.jpg'),(389,152,'image/reviews/258.jpg'),(390,152,'image/reviews/259.jpg'),(391,153,'image/reviews/260.jpg'),(392,154,'image/reviews/261.jpg'),(393,155,'image/reviews/262.jpg'),(394,155,'image/reviews/263.jpg'),(395,156,'image/reviews/264.jpg'),(396,157,'image/reviews/265.jpg'),(397,157,'image/reviews/266.jpg'),(398,158,'image/reviews/267.jpg'),(399,159,'image/reviews/268.jpg'),(400,159,'image/reviews/269.jpg'),(401,160,'image/reviews/270.jpg'),(402,161,'image/reviews/271.jpg'),(403,161,'image/reviews/272.jpg'),(404,162,'image/reviews/273.jpg'),(405,163,'image/reviews/274.jpg'),(406,164,'image/reviews/275.jpg'),(407,164,'image/reviews/276.jpg'),(408,165,'image/reviews/277.jpg'),(409,166,'image/reviews/278.jpg'),(410,166,'image/reviews/279.jpg'),(411,167,'image/reviews/280.jpg'),(412,168,'image/reviews/281.jpg'),(413,168,'image/reviews/282.jpg'),(414,169,'image/reviews/283.jpg'),(415,170,'image/reviews/284.jpg'),(416,170,'image/reviews/285.jpg'),(417,171,'image/reviews/286.jpg'),(418,172,'image/reviews/287.jpg'),(419,172,'image/reviews/288.jpg'),(420,173,'image/reviews/289.jpg'),(421,174,'image/reviews/290.jpg'),(422,175,'image/reviews/291.jpg'),(423,175,'image/reviews/292.jpg'),(424,176,'image/reviews/293.jpg'),(425,177,'image/reviews/294.jpg'),(426,177,'image/reviews/295.jpg'),(427,178,'image/reviews/296.jpg'),(428,179,'image/reviews/297.jpg'),(429,179,'image/reviews/298.jpg'),(430,180,'image/reviews/299.jpg'),(431,181,'image/reviews/300.jpg'),(432,181,'image/reviews/301.jpg'),(433,182,'image/reviews/302.jpg'),(434,183,'image/reviews/303.jpg'),(435,184,'image/reviews/304.jpg'),(436,184,'image/reviews/305.jpg'),(437,185,'image/reviews/306.jpg'),(438,186,'image/reviews/307.jpg'),(439,186,'image/reviews/308.jpg'),(440,187,'image/reviews/309.jpg'),(441,188,'image/reviews/310.jpg'),(442,188,'image/reviews/311.jpg'),(443,189,'image/reviews/312.jpg'),(444,190,'image/reviews/313.jpg'),(445,190,'image/reviews/314.jpg'),(446,191,'image/reviews/315.jpg'),(447,192,'image/reviews/316.jpg'),(448,192,'image/reviews/317.jpg'),(449,193,'image/reviews/318.jpg'),(450,194,'image/reviews/319.jpg'),(451,195,'image/reviews/320.jpg'),(452,195,'image/reviews/321.jpg'),(453,196,'image/reviews/322.jpg'),(454,197,'image/reviews/323.jpg'),(455,197,'image/reviews/324.jpg'),(456,198,'image/reviews/325.jpg'),(457,199,'image/reviews/326.jpg'),(458,199,'image/reviews/327.jpg'),(459,200,'image/reviews/328.jpg'),(460,200,'image/reviews/329.jpg'),(461,201,'image/reviews/330.jpg'),(462,202,'image/reviews/331.jpg'),(463,202,'image/reviews/332.jpg'),(464,203,'image/reviews/333.jpg'),(465,204,'image/reviews/334.jpg'),(466,204,'image/reviews/335.jpg'),(467,205,'image/reviews/336.jpg'),(468,206,'image/reviews/337.jpg'),(469,206,'image/reviews/338.jpg'),(470,207,'image/reviews/339.jpg'),(471,208,'image/reviews/340.jpg'),(472,209,'image/reviews/341.jpg'),(473,209,'image/reviews/342.jpg'),(474,210,'image/reviews/343.jpg'),(475,211,'image/reviews/344.jpg'),(476,211,'image/reviews/345.jpg'),(477,212,'image/reviews/346.jpg'),(478,213,'image/reviews/347.jpg'),(479,213,'image/reviews/348.jpg'),(480,214,'image/reviews/349.jpg'),(481,215,'image/reviews/350.jpg'),(482,216,'image/reviews/351.jpg'),(483,216,'image/reviews/352.jpg'),(484,217,'image/reviews/353.jpg'),(485,218,'image/reviews/354.jpg'),(486,218,'image/reviews/355.jpg'),(487,219,'image/reviews/356.jpg'),(488,220,'image/reviews/357.jpg'),(489,220,'image/reviews/358.jpg'),(490,221,'image/reviews/359.jpg'),(491,222,'image/reviews/360.jpg'),(492,222,'image/reviews/361.jpg'),(493,223,'image/reviews/362.jpg'),(494,224,'image/reviews/363.jpg'),(495,225,'image/reviews/364.jpg'),(496,225,'image/reviews/365.jpg'),(497,226,'image/reviews/366.jpg'),(498,227,'image/reviews/367.jpg'),(499,227,'image/reviews/368.jpg'),(500,228,'image/reviews/369.jpg'),(501,229,'image/reviews/370.jpg'),(502,230,'image/reviews/371.jpg'),(503,230,'image/reviews/372.jpg'),(504,231,'image/reviews/373.jpg'),(505,232,'image/reviews/374.jpg'),(506,232,'image/reviews/375.jpg'),(507,233,'image/reviews/376.jpg'),(508,234,'image/reviews/377.jpg'),(509,234,'image/reviews/378.jpg'),(510,235,'image/reviews/379.jpg'),(511,236,'image/reviews/380.jpg'),(512,236,'image/reviews/381.jpg'),(513,237,'image/reviews/382.jpg'),(514,238,'image/reviews/383.jpg'),(515,238,'image/reviews/384.jpg'),(516,239,'image/reviews/385.jpg'),(517,240,'image/reviews/386.jpg'),(518,240,'image/reviews/387.jpg'),(519,241,'image/reviews/388.jpg'),(520,242,'image/reviews/389.jpg'),(521,242,'image/reviews/390.jpg'),(522,243,'image/reviews/391.jpg'),(523,244,'image/reviews/392.jpg'),(524,245,'image/reviews/393.jpg'),(525,245,'image/reviews/394.jpg'),(526,246,'image/reviews/395.jpg'),(527,247,'image/reviews/396.jpg'),(528,247,'image/reviews/397.jpg'),(529,248,'image/reviews/398.jpg'),(530,249,'image/reviews/399.jpg'),(531,249,'image/reviews/400.jpg'),(532,250,'image/reviews/401.jpg'),(533,251,'image/reviews/402.jpg'),(534,251,'image/reviews/403.jpg'),(535,252,'image/reviews/404.jpg'),(536,253,'image/reviews/405.jpg'),(537,254,'image/reviews/406.jpg'),(538,254,'image/reviews/407.jpg'),(539,255,'image/reviews/408.jpg'),(540,256,'image/reviews/409.jpg'),(541,256,'image/reviews/410.jpg'),(542,257,'image/reviews/411.jpg'),(543,258,'image/reviews/412.jpg'),(544,258,'image/reviews/413.jpg'),(545,259,'image/reviews/414.jpg'),(546,260,'image/reviews/415.jpg'),(547,261,'image/reviews/416.jpg'),(548,261,'image/reviews/417.jpg'),(549,262,'image/reviews/418.jpg'),(550,263,'image/reviews/419.jpg'),(551,263,'image/reviews/420.jpg'),(552,264,'image/reviews/421.jpg'),(553,265,'image/reviews/422.jpg'),(554,265,'image/reviews/423.jpg'),(555,266,'image/reviews/424.jpg'),(556,267,'image/reviews/425.jpg'),(557,268,'image/reviews/426.jpg'),(558,268,'image/reviews/427.jpg'),(559,269,'image/reviews/428.jpg'),(560,270,'image/reviews/429.jpg'),(561,270,'image/reviews/430.jpg'),(562,271,'image/reviews/431.jpg'),(563,272,'image/reviews/432.jpg'),(564,272,'image/reviews/433.jpg'),(565,273,'image/reviews/434.jpg'),(566,274,'image/reviews/435.jpg'),(567,275,'image/reviews/436.jpg'),(568,275,'image/reviews/437.jpg'),(569,276,'image/reviews/438.jpg'),(570,277,'image/reviews/439.jpg'),(571,277,'image/reviews/440.jpg'),(572,278,'image/reviews/441.jpg'),(573,279,'image/reviews/442.jpg'),(574,279,'image/reviews/443.jpg'),(575,280,'image/reviews/444.jpg'),(576,281,'image/reviews/445.jpg'),(577,282,'image/reviews/446.jpg'),(578,282,'image/reviews/447.jpg'),(579,283,'image/reviews/448.jpg'),(580,284,'image/reviews/449.jpg'),(581,284,'image/reviews/450.jpg'),(582,285,'image/reviews/451.jpg'),(583,286,'image/reviews/452.jpg'),(584,286,'image/reviews/453.jpg'),(585,287,'image/reviews/454.jpg'),(586,288,'image/reviews/455.jpg'),(587,289,'image/reviews/456.jpg'),(588,289,'image/reviews/457.jpg'),(589,290,'image/reviews/458.jpg'),(590,291,'image/reviews/459.jpg'),(591,291,'image/reviews/460.jpg'),(592,292,'image/reviews/461.jpg'),(593,293,'image/reviews/462.jpg'),(594,293,'image/reviews/463.jpg'),(595,294,'image/reviews/464.jpg'),(596,295,'image/reviews/465.jpg'),(597,296,'image/reviews/466.jpg'),(598,296,'image/reviews/467.jpg'),(599,297,'image/reviews/468.jpg'),(600,298,'image/reviews/469.jpg'),(601,298,'image/reviews/470.jpg'),(602,299,'image/reviews/471.jpg'),(603,300,'image/reviews/472.jpg'),(604,300,'image/reviews/473.jpg'),(605,301,'image/reviews/474.jpg'),(606,302,'image/reviews/475.jpg'),(607,302,'image/reviews/476.jpg'),(608,303,'image/reviews/477.jpg'),(609,304,'image/reviews/478.jpg'),(610,305,'image/reviews/479.jpg'),(611,305,'image/reviews/480.jpg'),(612,306,'image/reviews/481.jpg'),(613,307,'image/reviews/482.jpg'),(614,307,'image/reviews/483.jpg'),(615,308,'image/reviews/484.jpg'),(616,309,'image/reviews/485.jpg'),(617,309,'image/reviews/486.jpg'),(618,310,'image/reviews/487.jpg'),(619,311,'image/reviews/488.jpg'),(620,311,'image/reviews/489.jpg'),(621,312,'image/reviews/490.jpg'),(622,313,'image/reviews/491.jpg'),(623,314,'image/reviews/492.jpg'),(624,314,'image/reviews/493.jpg'),(625,315,'image/reviews/494.jpg'),(626,316,'image/reviews/495.jpg'),(627,316,'image/reviews/496.jpg'),(628,317,'image/reviews/497.jpg'),(629,318,'image/reviews/498.jpg'),(630,318,'image/reviews/499.jpg'),(631,319,'image/reviews/500.jpg'),(632,320,'image/reviews/501.jpg'),(633,320,'image/reviews/502.jpg'),(634,321,'image/reviews/503.jpg'),(635,322,'image/reviews/504.jpg'),(636,322,'image/reviews/505.jpg'),(637,323,'image/reviews/506.jpg'),(638,324,'image/reviews/507.jpg'),(639,325,'image/reviews/508.jpg'),(640,325,'image/reviews/509.jpg'),(641,326,'image/reviews/510.jpg'),(642,327,'image/reviews/511.jpg'),(643,327,'image/reviews/512.jpg'),(644,328,'image/reviews/513.jpg'),(645,329,'image/reviews/514.jpg'),(646,329,'image/reviews/515.jpg'),(647,330,'image/reviews/516.jpg'),(648,331,'image/reviews/517.jpg'),(649,331,'image/reviews/518.jpg'),(650,332,'image/reviews/519.jpg'),(651,333,'image/reviews/520.jpg'),(652,334,'image/reviews/521.jpg'),(653,334,'image/reviews/522.jpg'),(654,335,'image/reviews/523.jpg'),(655,336,'image/reviews/524.jpg'),(656,336,'image/reviews/525.jpg'),(657,337,'image/reviews/526.jpg'),(658,338,'image/reviews/527.jpg'),(659,338,'image/reviews/528.jpg'),(660,339,'image/reviews/529.jpg'),(661,340,'image/reviews/530.jpg'),(662,340,'image/reviews/531.jpg'),(663,341,'image/reviews/532.jpg'),(664,342,'image/reviews/533.jpg'),(665,342,'image/reviews/534.jpg'),(666,343,'image/reviews/535.jpg'),(667,344,'image/reviews/536.jpg'),(668,345,'image/reviews/537.jpg'),(669,345,'image/reviews/538.jpg'),(670,346,'image/reviews/539.jpg'),(671,347,'image/reviews/540.jpg'),(672,347,'image/reviews/541.jpg'),(673,348,'image/reviews/542.jpg'),(674,349,'image/reviews/543.jpg'),(675,349,'image/reviews/544.jpg'),(676,350,'image/reviews/545.jpg'),(677,351,'image/reviews/546.jpg'),(678,351,'image/reviews/547.jpg'),(679,352,'image/reviews/548.jpg'),(680,353,'image/reviews/549.jpg'),(681,354,'image/reviews/550.jpg'),(682,354,'image/reviews/551.jpg'),(683,355,'image/reviews/552.jpg'),(684,356,'image/reviews/553.jpg'),(685,356,'image/reviews/554.jpg'),(686,357,'image/reviews/555.jpg'),(687,358,'image/reviews/556.jpg'),(688,358,'image/reviews/557.jpg'),(689,359,'image/reviews/558.jpg'),(690,360,'image/reviews/559.jpg'),(691,360,'image/reviews/560.jpg'),(692,361,'image/reviews/561.jpg'),(693,362,'image/reviews/562.jpg'),(694,362,'image/reviews/563.jpg'),(695,363,'image/reviews/564.jpg'),(696,364,'image/reviews/565.jpg'),(697,365,'image/reviews/566.jpg'),(698,365,'image/reviews/567.jpg'),(699,366,'image/reviews/568.jpg'),(700,367,'image/reviews/569.jpg'),(701,367,'image/reviews/570.jpg'),(702,368,'image/reviews/571.jpg'),(703,369,'image/reviews/572.jpg'),(704,369,'image/reviews/573.jpg'),(705,370,'image/reviews/574.jpg'),(706,371,'image/reviews/575.jpg'),(707,371,'image/reviews/576.jpg'),(708,372,'image/reviews/577.jpg'),(709,373,'image/reviews/578.jpg'),(710,373,'image/reviews/579.jpg'),(711,374,'image/reviews/580.jpg'),(712,375,'image/reviews/581.jpg'),(713,375,'image/reviews/582.jpg'),(714,376,'image/reviews/583.jpg'),(715,377,'image/reviews/584.jpg'),(716,377,'image/reviews/585.jpg'),(717,378,'image/reviews/586.jpg'),(718,379,'image/reviews/587.jpg'),(719,379,'image/reviews/588.jpg'),(720,380,'image/reviews/589.jpg'),(721,381,'image/reviews/590.jpg'),(722,381,'image/reviews/591.jpg'),(723,382,'image/reviews/592.jpg'),(724,383,'image/reviews/593.jpg'),(725,383,'image/reviews/594.jpg'),(726,384,'image/reviews/595.jpg'),(727,385,'image/reviews/596.jpg'),(728,385,'image/reviews/597.jpg'),(729,386,'image/reviews/598.jpg'),(730,387,'image/reviews/599.jpg'),(731,387,'image/reviews/600.jpg'),(732,388,'image/reviews/601.jpg'),(733,389,'image/reviews/602.jpg'),(734,389,'image/reviews/603.jpg'),(735,390,'image/reviews/604.jpg'),(736,391,'image/reviews/605.jpg'),(737,391,'image/reviews/606.jpg'),(738,392,'image/reviews/607.jpg'),(739,393,'image/reviews/608.jpg'),(740,393,'image/reviews/609.jpg'),(741,394,'image/reviews/610.jpg'),(742,395,'image/reviews/611.jpg'),(743,395,'image/reviews/612.jpg'),(744,396,'image/reviews/613.jpg'),(745,397,'image/reviews/614.jpg'),(746,397,'image/reviews/615.jpg'),(747,398,'image/reviews/616.jpg'),(748,399,'image/reviews/617.jpg'),(749,399,'image/reviews/618.jpg'),(750,400,'image/reviews/619.jpg'),(751,401,'image/reviews/620.jpg'),(752,401,'image/reviews/621.jpg'),(753,402,'image/reviews/622.jpg'),(754,403,'image/reviews/623.jpg'),(755,403,'image/reviews/624.jpg'),(756,404,'image/reviews/625.jpg'),(757,405,'image/reviews/626.jpg'),(758,405,'image/reviews/627.jpg'),(759,406,'image/reviews/628.jpg'),(760,407,'image/reviews/629.jpg'),(761,407,'image/reviews/630.jpg'),(762,408,'image/reviews/631.jpg'),(763,409,'image/reviews/632.jpg'),(764,409,'image/reviews/633.jpg'),(765,410,'image/reviews/634.jpg'),(766,411,'image/reviews/635.jpg'),(767,411,'image/reviews/636.jpg'),(768,412,'image/reviews/637.jpg'),(769,413,'image/reviews/638.jpg'),(770,413,'image/reviews/639.jpg'),(771,414,'image/reviews/640.jpg'),(772,415,'image/reviews/641.jpg'),(773,415,'image/reviews/642.jpg'),(774,416,'image/reviews/643.jpg'),(775,417,'image/reviews/644.jpg'),(776,417,'image/reviews/645.jpg'),(777,418,'image/reviews/646.jpg'),(778,419,'image/reviews/647.jpg'),(779,419,'image/reviews/648.jpg'),(780,420,'image/reviews/649.jpg'),(781,421,'image/reviews/650.jpg'),(782,421,'image/reviews/651.jpg'),(783,422,'image/reviews/652.jpg'),(784,423,'image/reviews/653.jpg'),(785,423,'image/reviews/654.jpg'),(786,424,'image/reviews/655.jpg'),(787,425,'image/reviews/656.jpg'),(788,425,'image/reviews/657.jpg'),(789,426,'image/reviews/658.jpg'),(790,427,'image/reviews/659.jpg'),(791,427,'image/reviews/660.jpg'),(792,428,'image/reviews/661.jpg'),(793,429,'image/reviews/662.jpg'),(794,429,'image/reviews/663.jpg'),(795,430,'image/reviews/664.jpg'),(796,431,'image/reviews/665.jpg'),(797,431,'image/reviews/666.jpg'),(798,432,'image/reviews/667.jpg'),(799,433,'image/reviews/668.jpg'),(800,433,'image/reviews/669.jpg'),(801,434,'image/reviews/670.jpg'),(802,435,'image/reviews/671.jpg'),(803,435,'image/reviews/672.jpg'),(804,436,'image/reviews/673.jpg'),(805,437,'image/reviews/674.jpg'),(806,437,'image/reviews/675.jpg'),(807,438,'image/reviews/676.jpg'),(808,439,'image/reviews/677.jpg'),(809,439,'image/reviews/678.jpg'),(810,440,'image/reviews/679.jpg'),(811,441,'image/reviews/680.jpg'),(812,441,'image/reviews/681.jpg'),(813,442,'image/reviews/682.jpg'),(814,443,'image/reviews/683.jpg'),(815,443,'image/reviews/684.jpg'),(816,444,'image/reviews/685.jpg'),(817,445,'image/reviews/686.jpg'),(818,445,'image/reviews/687.jpg'),(819,446,'image/reviews/688.jpg'),(820,447,'image/reviews/689.jpg'),(821,447,'image/reviews/690.jpg'),(822,448,'image/reviews/691.jpg'),(823,449,'image/reviews/692.jpg'),(824,449,'image/reviews/693.jpg'),(825,450,'image/reviews/694.jpg'),(826,451,'image/reviews/695.jpg'),(827,451,'image/reviews/696.jpg'),(828,452,'image/reviews/697.jpg'),(829,453,'image/reviews/698.jpg'),(830,453,'image/reviews/699.jpg'),(831,454,'image/reviews/700.jpg'),(832,455,'image/reviews/701.jpg'),(833,455,'image/reviews/702.jpg'),(834,456,'image/reviews/703.jpg'),(835,457,'image/reviews/704.jpg'),(836,457,'image/reviews/705.jpg'),(837,458,'image/reviews/706.jpg'),(838,459,'image/reviews/707.jpg'),(839,459,'image/reviews/708.jpg'),(840,460,'image/reviews/709.jpg'),(841,461,'image/reviews/710.jpg'),(842,461,'image/reviews/711.jpg'),(843,462,'image/reviews/712.jpg'),(844,463,'image/reviews/713.jpg'),(845,463,'image/reviews/714.jpg'),(846,464,'image/reviews/715.jpg'),(847,465,'image/reviews/716.jpg'),(848,465,'image/reviews/717.jpg'),(849,466,'image/reviews/718.jpg'),(850,467,'image/reviews/719.jpg'),(851,467,'image/reviews/720.jpg'),(852,468,'image/reviews/721.jpg'),(853,469,'image/reviews/722.jpg'),(854,469,'image/reviews/723.jpg'),(855,470,'image/reviews/724.jpg'),(856,471,'image/reviews/725.jpg'),(857,471,'image/reviews/726.jpg'),(858,472,'image/reviews/727.jpg'),(859,473,'image/reviews/728.jpg'),(860,473,'image/reviews/729.jpg'),(861,474,'image/reviews/730.jpg'),(862,475,'image/reviews/731.jpg'),(863,475,'image/reviews/732.jpg'),(864,476,'image/reviews/733.jpg'),(865,477,'image/reviews/734.jpg'),(866,477,'image/reviews/735.jpg'),(867,478,'image/reviews/736.jpg'),(868,479,'image/reviews/737.jpg'),(869,479,'image/reviews/738.jpg'),(870,480,'image/reviews/739.jpg'),(871,481,'image/reviews/740.jpg'),(872,481,'image/reviews/741.jpg'),(873,482,'image/reviews/742.jpg'),(874,483,'image/reviews/743.jpg'),(875,483,'image/reviews/744.jpg'),(876,484,'image/reviews/745.jpg'),(877,485,'image/reviews/746.jpg'),(878,485,'image/reviews/747.jpg'),(879,486,'image/reviews/748.jpg'),(880,487,'image/reviews/749.jpg'),(881,487,'image/reviews/750.jpg'),(882,488,'image/reviews/751.jpg'),(883,489,'image/reviews/752.jpg'),(884,489,'image/reviews/753.jpg'),(885,490,'image/reviews/754.jpg'),(886,491,'image/reviews/755.jpg'),(887,491,'image/reviews/756.jpg'),(888,492,'image/reviews/757.jpg'),(889,493,'image/reviews/758.jpg'),(890,493,'image/reviews/759.jpg'),(891,494,'image/reviews/760.jpg'),(892,495,'image/reviews/761.jpg'),(893,495,'image/reviews/762.jpg'),(894,496,'image/reviews/763.jpg'),(895,497,'image/reviews/764.jpg'),(896,497,'image/reviews/765.jpg'),(897,498,'image/reviews/766.jpg'),(898,499,'image/reviews/767.jpg'),(899,499,'image/reviews/768.jpg'),(900,500,'image/reviews/769.jpg'),(901,501,'image/reviews/770.jpg'),(902,501,'image/reviews/771.jpg'),(903,502,'image/reviews/772.jpg'),(904,503,'image/reviews/773.jpg'),(905,503,'image/reviews/774.jpg'),(906,504,'image/reviews/775.jpg'),(907,505,'image/reviews/776.jpg'),(908,505,'image/reviews/777.jpg'),(909,506,'image/reviews/778.jpg'),(910,507,'image/reviews/779.jpg'),(911,507,'image/reviews/780.jpg'),(912,508,'image/reviews/781.jpg'),(913,509,'image/reviews/782.jpg'),(914,509,'image/reviews/783.jpg'),(915,510,'image/reviews/784.jpg'),(916,511,'image/reviews/785.jpg'),(917,511,'image/reviews/786.jpg'),(918,512,'image/reviews/787.jpg'),(919,513,'image/reviews/788.jpg'),(920,513,'image/reviews/789.jpg'),(921,514,'image/reviews/790.jpg'),(922,515,'image/reviews/791.jpg'),(923,515,'image/reviews/792.jpg'),(924,516,'image/reviews/793.jpg'),(925,517,'image/reviews/794.jpg'),(926,517,'image/reviews/795.jpg'),(927,518,'image/reviews/796.jpg'),(928,519,'image/reviews/797.jpg'),(929,519,'image/reviews/798.jpg'),(930,520,'image/reviews/799.jpg'),(931,521,'image/reviews/800.jpg'),(932,521,'image/reviews/801.jpg'),(933,522,'image/reviews/802.jpg'),(934,523,'image/reviews/803.jpg'),(935,523,'image/reviews/804.jpg'),(936,524,'image/reviews/805.jpg'),(937,525,'image/reviews/806.jpg'),(938,525,'image/reviews/807.jpg'),(939,526,'image/reviews/808.jpg'),(940,527,'image/reviews/809.jpg'),(941,527,'image/reviews/810.jpg'),(942,528,'image/reviews/811.jpg'),(943,529,'image/reviews/812.jpg'),(944,529,'image/reviews/813.jpg'),(945,530,'image/reviews/814.jpg'),(946,531,'image/reviews/815.jpg'),(947,531,'image/reviews/816.jpg'),(948,532,'image/reviews/817.jpg'),(949,533,'image/reviews/818.jpg'),(950,533,'image/reviews/819.jpg'),(951,534,'image/reviews/820.jpg'),(952,535,'image/reviews/821.jpg'),(953,535,'image/reviews/822.jpg'),(954,536,'image/reviews/823.jpg'),(955,537,'image/reviews/824.jpg'),(956,537,'image/reviews/825.jpg'),(957,538,'image/reviews/826.jpg'),(958,539,'image/reviews/827.jpg'),(959,539,'image/reviews/828.jpg'),(960,540,'image/reviews/829.jpg'),(961,541,'image/reviews/830.jpg'),(962,541,'image/reviews/831.jpg'),(963,542,'image/reviews/832.jpg'),(964,543,'image/reviews/833.jpg'),(965,543,'image/reviews/834.jpg'),(966,544,'image/reviews/835.jpg'),(967,545,'image/reviews/836.jpg'),(968,545,'image/reviews/837.jpg'),(969,546,'image/reviews/838.jpg'),(970,547,'image/reviews/839.jpg'),(971,547,'image/reviews/840.jpg'),(972,548,'image/reviews/841.jpg'),(973,549,'image/reviews/842.jpg'),(974,549,'image/reviews/843.jpg'),(975,550,'image/reviews/844.jpg'),(976,551,'image/reviews/845.jpg'),(977,551,'image/reviews/846.jpg'),(978,552,'image/reviews/847.jpg'),(979,553,'image/reviews/848.jpg'),(980,553,'image/reviews/849.jpg'),(981,554,'image/reviews/850.jpg'),(982,555,'image/reviews/851.jpg'),(983,555,'image/reviews/852.jpg'),(984,556,'image/reviews/853.jpg'),(985,557,'image/reviews/854.jpg'),(986,557,'image/reviews/855.jpg'),(987,558,'image/reviews/856.jpg'),(988,559,'image/reviews/857.jpg'),(989,559,'image/reviews/858.jpg'),(990,560,'image/reviews/859.jpg'),(991,561,'image/reviews/860.jpg'),(992,561,'image/reviews/861.jpg'),(993,562,'image/reviews/862.jpg'),(994,563,'image/reviews/863.jpg'),(995,563,'image/reviews/864.jpg'),(996,564,'image/reviews/865.jpg'),(997,565,'image/reviews/866.jpg'),(998,565,'image/reviews/867.jpg'),(999,566,'image/reviews/868.jpg'),(1000,567,'image/reviews/869.jpg'),(1001,567,'image/reviews/870.jpg'),(1002,568,'image/reviews/871.jpg'),(1003,569,'image/reviews/872.jpg'),(1004,569,'image/reviews/873.jpg'),(1005,570,'image/reviews/874.jpg'),(1006,571,'image/reviews/875.jpg'),(1007,571,'image/reviews/876.jpg'),(1008,572,'image/reviews/877.jpg'),(1009,573,'image/reviews/878.jpg'),(1010,573,'image/reviews/879.jpg'),(1011,574,'image/reviews/880.jpg'),(1012,575,'image/reviews/881.jpg'),(1013,575,'image/reviews/882.jpg'),(1014,576,'image/reviews/883.jpg'),(1015,577,'image/reviews/884.jpg'),(1016,577,'image/reviews/885.jpg'),(1017,578,'image/reviews/886.jpg'),(1018,579,'image/reviews/887.jpg'),(1019,579,'image/reviews/888.jpg'),(1020,580,'image/reviews/889.jpg'),(1021,581,'image/reviews/890.jpg'),(1022,581,'image/reviews/891.jpg'),(1023,582,'image/reviews/892.jpg'),(1024,583,'image/reviews/893.jpg'),(1025,583,'image/reviews/894.jpg'),(1026,584,'image/reviews/895.jpg'),(1027,585,'image/reviews/896.jpg'),(1028,585,'image/reviews/897.jpg'),(1029,586,'image/reviews/898.jpg'),(1030,587,'image/reviews/899.jpg'),(1031,587,'image/reviews/900.jpg'),(1032,588,'image/reviews/901.jpg'),(1033,589,'image/reviews/902.jpg'),(1034,589,'image/reviews/903.jpg'),(1035,590,'image/reviews/904.jpg'),(1036,591,'image/reviews/905.jpg'),(1037,591,'image/reviews/906.jpg'),(1038,592,'image/reviews/907.jpg'),(1039,593,'image/reviews/908.jpg'),(1040,593,'image/reviews/909.jpg'),(1041,594,'image/reviews/910.jpg'),(1042,595,'image/reviews/911.jpg'),(1043,595,'image/reviews/912.jpg'),(1044,596,'image/reviews/913.jpg'),(1045,597,'image/reviews/914.jpg'),(1046,597,'image/reviews/915.jpg'),(1047,598,'image/reviews/916.jpg'),(1048,599,'image/reviews/917.jpg'),(1049,599,'image/reviews/918.jpg'),(1050,600,'image/reviews/919.jpg'),(1051,601,'image/reviews/920.jpg'),(1052,601,'image/reviews/921.jpg'),(1053,602,'image/reviews/922.jpg'),(1054,603,'image/reviews/923.jpg'),(1055,603,'image/reviews/924.jpg'),(1056,604,'image/reviews/925.jpg'),(1057,605,'image/reviews/926.jpg'),(1058,605,'image/reviews/927.jpg'),(1059,606,'image/reviews/928.jpg'),(1060,607,'image/reviews/929.jpg'),(1061,607,'image/reviews/930.jpg'),(1062,608,'image/reviews/931.jpg'),(1063,609,'image/reviews/932.jpg'),(1064,609,'image/reviews/933.jpg'),(1065,610,'image/reviews/934.jpg'),(1066,611,'image/reviews/935.jpg'),(1067,611,'image/reviews/936.jpg'),(1068,612,'image/reviews/937.jpg'),(1069,613,'image/reviews/938.jpg'),(1070,613,'image/reviews/939.jpg'),(1071,614,'image/reviews/940.jpg'),(1072,615,'image/reviews/941.jpg'),(1073,615,'image/reviews/942.jpg'),(1074,616,'image/reviews/943.jpg'),(1075,617,'image/reviews/944.jpg'),(1076,617,'image/reviews/945.jpg'),(1077,618,'image/reviews/946.jpg'),(1078,619,'image/reviews/947.jpg'),(1079,619,'image/reviews/948.jpg'),(1080,620,'image/reviews/949.jpg'),(1081,621,'image/reviews/950.jpg'),(1082,621,'image/reviews/951.jpg'),(1083,622,'image/reviews/952.jpg'),(1084,623,'image/reviews/953.jpg'),(1085,623,'image/reviews/954.jpg'),(1086,624,'image/reviews/955.jpg'),(1087,625,'image/reviews/956.jpg'),(1088,625,'image/reviews/957.jpg'),(1089,626,'image/reviews/958.jpg'),(1090,627,'image/reviews/959.jpg'),(1091,627,'image/reviews/960.jpg'),(1092,628,'image/reviews/961.jpg'),(1093,629,'image/reviews/962.jpg'),(1094,629,'image/reviews/963.jpg'),(1095,630,'image/reviews/964.jpg'),(1096,631,'image/reviews/965.jpg'),(1097,631,'image/reviews/966.jpg'),(1098,632,'image/reviews/967.jpg'),(1099,633,'image/reviews/968.jpg'),(1100,633,'image/reviews/969.jpg'),(1101,634,'image/reviews/970.jpg'),(1102,635,'image/reviews/971.jpg'),(1103,635,'image/reviews/972.jpg'),(1104,636,'image/reviews/973.jpg'),(1105,637,'image/reviews/974.jpg'),(1106,637,'image/reviews/975.jpg'),(1107,638,'image/reviews/976.jpg'),(1108,639,'image/reviews/977.jpg'),(1109,639,'image/reviews/978.jpg'),(1110,640,'image/reviews/979.jpg'),(1111,641,'image/reviews/980.jpg'),(1112,641,'image/reviews/981.jpg'),(1113,642,'image/reviews/982.jpg'),(1114,643,'image/reviews/983.jpg'),(1115,643,'image/reviews/984.jpg'),(1116,644,'image/reviews/985.jpg'),(1117,645,'image/reviews/986.jpg'),(1118,645,'image/reviews/987.jpg'),(1119,646,'image/reviews/988.jpg'),(1120,647,'image/reviews/989.jpg'),(1121,647,'image/reviews/990.jpg'),(1122,648,'image/reviews/991.jpg'),(1123,649,'image/reviews/992.jpg'),(1124,649,'image/reviews/993.jpg'),(1125,650,'image/reviews/994.jpg'),(1126,651,'image/reviews/995.jpg'),(1127,651,'image/reviews/996.jpg'),(1128,652,'image/reviews/997.jpg'),(1129,653,'image/reviews/998.jpg'),(1130,653,'image/reviews/999.jpg'),(1131,654,'image/reviews/1000.jpg'),(1132,655,'image/reviews/1001.jpg'),(1133,655,'image/reviews/1002.jpg'),(1134,656,'image/reviews/1003.jpg'),(1135,657,'image/reviews/1004.jpg'),(1136,657,'image/reviews/1005.jpg'),(1137,658,'image/reviews/1006.jpg'),(1138,659,'image/reviews/1007.jpg'),(1139,659,'image/reviews/1008.jpg'),(1140,660,'image/reviews/1009.jpg'),(1141,661,'image/reviews/1010.jpg'),(1142,661,'image/reviews/1011.jpg'),(1143,662,'image/reviews/1012.jpg'),(1144,663,'image/reviews/1013.jpg'),(1145,663,'image/reviews/1014.jpg'),(1146,664,'image/reviews/1015.jpg'),(1147,665,'image/reviews/1016.jpg'),(1148,665,'image/reviews/1017.jpg'),(1149,666,'image/reviews/1018.jpg'),(1150,667,'image/reviews/1019.jpg'),(1151,667,'image/reviews/1020.jpg'),(1152,668,'image/reviews/1021.jpg'),(1153,669,'image/reviews/1022.jpg'),(1154,669,'image/reviews/1023.jpg'),(1155,670,'image/reviews/1024.jpg'),(1156,671,'image/reviews/1025.jpg'),(1157,671,'image/reviews/1026.jpg'),(1158,672,'image/reviews/1027.jpg'),(1159,673,'image/reviews/1028.jpg'),(1160,673,'image/reviews/1029.jpg'),(1161,674,'image/reviews/1030.jpg'),(1162,675,'image/reviews/1031.jpg'),(1163,675,'image/reviews/1032.jpg'),(1164,676,'image/reviews/1033.jpg'),(1165,677,'image/reviews/1034.jpg'),(1166,677,'image/reviews/1035.jpg'),(1167,678,'image/reviews/1036.jpg'),(1168,679,'image/reviews/1037.jpg'),(1169,679,'image/reviews/1038.jpg'),(1170,680,'image/reviews/1039.jpg'),(1171,681,'image/reviews/1040.jpg'),(1172,681,'image/reviews/1041.jpg'),(1173,682,'image/reviews/1042.jpg'),(1174,683,'image/reviews/1043.jpg'),(1175,683,'image/reviews/1044.jpg'),(1176,684,'image/reviews/1045.jpg'),(1177,684,'image/reviews/1046.jpg'),(1178,685,'image/reviews/1047.jpg'),(1179,686,'image/reviews/1048.jpg'),(1180,686,'image/reviews/1049.jpg'),(1181,687,'image/reviews/1050.jpg'),(1182,688,'image/reviews/1051.jpg'),(1183,688,'image/reviews/1052.jpg'),(1184,689,'image/reviews/1053.jpg'),(1185,690,'image/reviews/1054.jpg'),(1186,690,'image/reviews/1055.jpg'),(1187,691,'image/reviews/1056.jpg'),(1188,692,'image/reviews/1057.jpg'),(1189,692,'image/reviews/1058.jpg'),(1190,693,'image/reviews/1059.jpg'),(1191,694,'image/reviews/1060.jpg'),(1192,694,'image/reviews/1061.jpg'),(1193,695,'image/reviews/1062.jpg'),(1194,696,'image/reviews/1063.jpg'),(1195,696,'image/reviews/1064.jpg'),(1196,697,'image/reviews/1065.jpg'),(1197,698,'image/reviews/1066.jpg'),(1198,698,'image/reviews/1067.jpg'),(1199,699,'image/reviews/1068.jpg'),(1200,700,'image/reviews/1069.jpg'),(1201,700,'image/reviews/1070.jpg'),(1202,701,'image/reviews/1071.jpg'),(1203,702,'image/reviews/1072.jpg'),(1204,702,'image/reviews/1073.jpg'),(1205,703,'image/reviews/1074.jpg'),(1206,704,'image/reviews/1075.jpg'),(1207,704,'image/reviews/1076.jpg'),(1208,705,'image/reviews/1077.jpg'),(1209,706,'image/reviews/1078.jpg'),(1210,706,'image/reviews/1079.jpg'),(1211,707,'image/reviews/1080.jpg'),(1212,708,'image/reviews/1081.jpg'),(1213,708,'image/reviews/1082.jpg'),(1214,709,'image/reviews/1083.jpg'),(1215,710,'image/reviews/1084.jpg'),(1216,710,'image/reviews/1085.jpg'),(1217,711,'image/reviews/1086.jpg'),(1218,712,'image/reviews/1087.jpg'),(1219,712,'image/reviews/1088.jpg'),(1220,713,'image/reviews/1089.jpg'),(1221,714,'image/reviews/1090.jpg'),(1222,714,'image/reviews/1091.jpg'),(1223,715,'image/reviews/1092.jpg'),(1224,716,'image/reviews/1093.jpg'),(1225,716,'image/reviews/1094.jpg'),(1226,717,'image/reviews/1095.jpg'),(1227,718,'image/reviews/1096.jpg'),(1228,718,'image/reviews/1097.jpg'),(1229,719,'image/reviews/1098.jpg'),(1230,720,'image/reviews/1099.jpg'),(1231,720,'image/reviews/1100.jpg'),(1232,721,'image/reviews/1101.jpg'),(1233,722,'image/reviews/1102.jpg'),(1234,722,'image/reviews/1103.jpg'),(1235,723,'image/reviews/1104.jpg'),(1236,724,'image/reviews/1105.jpg'),(1237,724,'image/reviews/1106.jpg'),(1238,725,'image/reviews/1107.jpg'),(1239,726,'image/reviews/1108.jpg'),(1240,726,'image/reviews/1109.jpg'),(1241,727,'image/reviews/1110.jpg'),(1242,728,'image/reviews/1111.jpg'),(1243,728,'image/reviews/1112.jpg'),(1244,729,'image/reviews/1113.jpg'),(1245,730,'image/reviews/1114.jpg'),(1246,730,'image/reviews/1115.jpg'),(1247,731,'image/reviews/1116.jpg'),(1248,732,'image/reviews/1117.jpg'),(1249,732,'image/reviews/1118.jpg'),(1250,733,'image/reviews/1119.jpg'),(1251,734,'image/reviews/1120.jpg'),(1252,734,'image/reviews/1121.jpg'),(1253,735,'image/reviews/1122.jpg'),(1254,736,'image/reviews/1123.jpg'),(1255,736,'image/reviews/1124.jpg'),(1256,737,'image/reviews/1125.jpg'),(1257,738,'image/reviews/1126.jpg'),(1258,738,'image/reviews/1127.jpg'),(1259,739,'image/reviews/1128.jpg'),(1260,740,'image/reviews/1129.jpg'),(1261,740,'image/reviews/1130.jpg'),(1262,741,'image/reviews/1131.jpg'),(1263,742,'image/reviews/1132.jpg'),(1264,742,'image/reviews/1133.jpg'),(1265,743,'image/reviews/1134.jpg'),(1266,744,'image/reviews/1135.jpg'),(1267,744,'image/reviews/1136.jpg'),(1268,745,'image/reviews/1137.jpg'),(1269,746,'image/reviews/1138.jpg'),(1270,746,'image/reviews/1139.jpg'),(1271,747,'image/reviews/1140.jpg'),(1272,748,'image/reviews/1141.jpg'),(1273,748,'image/reviews/1142.jpg'),(1274,749,'image/reviews/1143.jpg'),(1275,750,'image/reviews/1144.jpg'),(1276,750,'image/reviews/1145.jpg'),(1277,751,'image/reviews/1146.jpg'),(1278,752,'image/reviews/1147.jpg'),(1279,752,'image/reviews/1148.jpg'),(1280,753,'image/reviews/1149.jpg'),(1281,754,'image/reviews/1150.jpg'),(1282,754,'image/reviews/1151.jpg'),(1283,755,'image/reviews/1152.jpg'),(1284,756,'image/reviews/1153.jpg'),(1285,756,'image/reviews/1154.jpg'),(1286,757,'image/reviews/1155.jpg'),(1287,758,'image/reviews/1156.jpg'),(1288,758,'image/reviews/1157.jpg'),(1289,759,'image/reviews/1158.jpg'),(1290,760,'image/reviews/1159.jpg'),(1291,760,'image/reviews/1160.jpg'),(1292,761,'image/reviews/1161.jpg'),(1293,762,'image/reviews/1162.jpg'),(1294,762,'image/reviews/1163.jpg'),(1295,763,'image/reviews/1164.jpg'),(1296,764,'image/reviews/1165.jpg'),(1297,764,'image/reviews/1166.jpg'),(1298,765,'image/reviews/1167.jpg'),(1299,766,'image/reviews/1168.jpg'),(1300,766,'image/reviews/1169.jpg'),(1301,767,'image/reviews/1170.jpg'),(1302,768,'image/reviews/1171.jpg'),(1303,768,'image/reviews/1172.jpg'),(1304,769,'image/reviews/1173.jpg'),(1305,770,'image/reviews/1174.jpg'),(1306,770,'image/reviews/1175.jpg'),(1307,771,'image/reviews/1176.jpg'),(1308,772,'image/reviews/1177.jpg'),(1309,772,'image/reviews/1178.jpg'),(1310,773,'image/reviews/1179.jpg'),(1311,774,'image/reviews/1180.jpg'),(1312,774,'image/reviews/1181.jpg'),(1313,775,'image/reviews/1182.jpg'),(1314,776,'image/reviews/1183.jpg'),(1315,776,'image/reviews/1184.jpg'),(1316,777,'image/reviews/1185.jpg'),(1317,778,'image/reviews/1186.jpg'),(1318,778,'image/reviews/1187.jpg'),(1319,779,'image/reviews/1188.jpg'),(1320,780,'image/reviews/1189.jpg'),(1321,780,'image/reviews/1190.jpg'),(1322,781,'image/reviews/1191.jpg'),(1323,782,'image/reviews/1192.jpg'),(1324,782,'image/reviews/1193.jpg'),(1325,783,'image/reviews/1194.jpg'),(1326,784,'image/reviews/1195.jpg'),(1327,784,'image/reviews/1196.jpg'),(1328,785,'image/reviews/1197.jpg'),(1329,786,'image/reviews/1198.jpg'),(1330,786,'image/reviews/1199.jpg'),(1331,787,'image/reviews/1200.jpg'),(1332,788,'image/reviews/1201.jpg'),(1333,788,'image/reviews/1202.jpg'),(1334,789,'image/reviews/1203.jpg'),(1335,790,'image/reviews/1204.jpg'),(1336,790,'image/reviews/1205.jpg'),(1337,791,'image/reviews/1206.jpg'),(1338,792,'image/reviews/1207.jpg'),(1339,792,'image/reviews/1208.jpg'),(1340,793,'image/reviews/1209.jpg'),(1341,794,'image/reviews/1210.jpg'),(1342,794,'image/reviews/1211.jpg'),(1343,795,'image/reviews/1212.jpg'),(1344,796,'image/reviews/1213.jpg'),(1345,796,'image/reviews/1214.jpg'),(1346,797,'image/reviews/1215.jpg'),(1347,798,'image/reviews/1216.jpg'),(1348,798,'image/reviews/1217.jpg'),(1349,799,'image/reviews/1218.jpg'),(1350,800,'image/reviews/1219.jpg'),(1351,800,'image/reviews/1220.jpg'),(1352,801,'image/reviews/1221.jpg'),(1353,802,'image/reviews/1222.jpg'),(1354,802,'image/reviews/1223.jpg'),(1355,803,'image/reviews/1224.jpg'),(1356,804,'image/reviews/1225.jpg'),(1357,804,'image/reviews/1226.jpg'),(1358,805,'image/reviews/1227.jpg'),(1359,806,'image/reviews/1228.jpg'),(1360,806,'image/reviews/1229.jpg'),(1361,807,'image/reviews/1230.jpg'),(1362,808,'image/reviews/1231.jpg'),(1363,808,'image/reviews/1232.jpg'),(1364,809,'image/reviews/1233.jpg'),(1365,810,'image/reviews/1234.jpg'),(1366,810,'image/reviews/1235.jpg'),(1367,811,'image/reviews/1236.jpg'),(1368,812,'image/reviews/1237.jpg'),(1369,812,'image/reviews/1238.jpg'),(1370,813,'image/reviews/1239.jpg'),(1371,814,'image/reviews/1240.jpg'),(1372,814,'image/reviews/1241.jpg'),(1373,815,'image/reviews/1242.jpg'),(1374,816,'image/reviews/1243.jpg'),(1375,816,'image/reviews/1244.jpg'),(1376,817,'image/reviews/1245.jpg'),(1377,818,'image/reviews/1246.jpg'),(1378,818,'image/reviews/1247.jpg'),(1379,819,'image/reviews/1248.jpg'),(1380,820,'image/reviews/1249.jpg'),(1381,820,'image/reviews/1250.jpg'),(1382,821,'image/reviews/1251.jpg'),(1383,822,'image/reviews/1252.jpg'),(1384,822,'image/reviews/1253.jpg'),(1385,823,'image/reviews/1254.jpg'),(1386,824,'image/reviews/1255.jpg'),(1387,824,'image/reviews/1256.jpg'),(1388,825,'image/reviews/1257.jpg'),(1389,826,'image/reviews/1258.jpg'),(1390,826,'image/reviews/1259.jpg'),(1391,827,'image/reviews/1260.jpg'),(1392,828,'image/reviews/1261.jpg'),(1393,828,'image/reviews/1262.jpg'),(1394,829,'image/reviews/1263.jpg'),(1395,830,'image/reviews/1264.jpg'),(1396,830,'image/reviews/1265.jpg'),(1397,831,'image/reviews/1266.jpg'),(1398,832,'image/reviews/1267.jpg'),(1399,832,'image/reviews/1268.jpg'),(1400,833,'image/reviews/1269.jpg'),(1401,834,'image/reviews/1270.jpg'),(1402,834,'image/reviews/1271.jpg'),(1403,835,'image/reviews/1272.jpg'),(1404,836,'image/reviews/1273.jpg'),(1405,836,'image/reviews/1274.jpg'),(1406,837,'image/reviews/1275.jpg'),(1407,838,'image/reviews/1276.jpg'),(1408,838,'image/reviews/1277.jpg'),(1409,839,'image/reviews/1278.jpg'),(1410,840,'image/reviews/1279.jpg'),(1411,840,'image/reviews/1280.jpg'),(1412,841,'image/reviews/1281.jpg'),(1413,842,'image/reviews/1282.jpg'),(1414,842,'image/reviews/1283.jpg'),(1415,843,'image/reviews/1284.jpg'),(1416,844,'image/reviews/1285.jpg'),(1417,844,'image/reviews/1286.jpg'),(1418,845,'image/reviews/1287.jpg'),(1419,846,'image/reviews/1288.jpg'),(1420,846,'image/reviews/1289.jpg'),(1421,847,'image/reviews/1290.jpg'),(1422,848,'image/reviews/1291.jpg'),(1423,848,'image/reviews/1292.jpg'),(1424,849,'image/reviews/1293.jpg'),(1425,850,'image/reviews/1294.jpg'),(1426,850,'image/reviews/1295.jpg'),(1427,851,'image/reviews/1296.jpg'),(1428,852,'image/reviews/1297.jpg'),(1429,852,'image/reviews/1298.jpg'),(1430,853,'image/reviews/1299.jpg'),(1431,854,'image/reviews/1300.jpg'),(1432,854,'image/reviews/1301.jpg'),(1433,855,'image/reviews/1302.jpg'),(1434,856,'image/reviews/1303.jpg'),(1435,856,'image/reviews/1304.jpg'),(1436,857,'image/reviews/1305.jpg'),(1437,858,'image/reviews/1306.jpg'),(1438,858,'image/reviews/1307.jpg'),(1439,859,'image/reviews/1308.jpg'),(1440,860,'image/reviews/1309.jpg'),(1441,860,'image/reviews/1310.jpg'),(1442,861,'image/reviews/1311.jpg'),(1443,862,'image/reviews/1312.jpg'),(1444,862,'image/reviews/1313.jpg'),(1445,863,'image/reviews/1314.jpg'),(1446,864,'image/reviews/1315.jpg'),(1447,864,'image/reviews/1316.jpg'),(1448,865,'image/reviews/1317.jpg'),(1449,866,'image/reviews/1318.jpg'),(1450,866,'image/reviews/1319.jpg'),(1451,867,'image/reviews/1320.jpg'),(1452,868,'image/reviews/1321.jpg'),(1453,868,'image/reviews/1322.jpg'),(1454,869,'image/reviews/1323.jpg'),(1455,870,'image/reviews/1324.jpg'),(1456,870,'image/reviews/1325.jpg'),(1457,871,'image/reviews/1326.jpg'),(1458,872,'image/reviews/1327.jpg'),(1459,872,'image/reviews/1328.jpg'),(1460,873,'image/reviews/1329.jpg'),(1461,874,'image/reviews/1330.jpg'),(1462,874,'image/reviews/1331.jpg'),(1463,875,'image/reviews/1332.jpg'),(1464,876,'image/reviews/1333.jpg'),(1465,876,'image/reviews/1334.jpg'),(1466,877,'image/reviews/1335.jpg'),(1467,878,'image/reviews/1336.jpg'),(1468,878,'image/reviews/1337.jpg'),(1469,879,'image/reviews/1338.jpg'),(1470,880,'image/reviews/1339.jpg'),(1471,880,'image/reviews/1340.jpg'),(1472,881,'image/reviews/1341.jpg'),(1473,882,'image/reviews/1342.jpg'),(1474,882,'image/reviews/1343.jpg'),(1475,883,'image/reviews/1344.jpg'),(1476,884,'image/reviews/1345.jpg'),(1477,884,'image/reviews/1346.jpg'),(1478,885,'image/reviews/1347.jpg'),(1479,886,'image/reviews/1348.jpg'),(1480,886,'image/reviews/1349.jpg'),(1481,887,'image/reviews/1350.jpg'),(1482,888,'image/reviews/1351.jpg'),(1483,888,'image/reviews/1352.jpg'),(1484,889,'image/reviews/1353.jpg'),(1485,890,'image/reviews/1354.jpg'),(1486,890,'image/reviews/1355.jpg'),(1487,891,'image/reviews/1356.jpg'),(1488,892,'image/reviews/1357.jpg'),(1489,892,'image/reviews/1358.jpg'),(1490,893,'image/reviews/1359.jpg'),(1491,894,'image/reviews/1360.jpg'),(1492,894,'image/reviews/1361.jpg'),(1493,895,'image/reviews/1362.jpg'),(1494,896,'image/reviews/1363.jpg'),(1495,896,'image/reviews/1364.jpg'),(1496,897,'image/reviews/1365.jpg'),(1497,898,'image/reviews/1366.jpg'),(1498,898,'image/reviews/1367.jpg'),(1499,899,'image/reviews/1368.jpg'),(1500,900,'image/reviews/1369.jpg'),(1501,900,'image/reviews/1370.jpg'),(1502,901,'image/reviews/1371.jpg'),(1503,902,'image/reviews/1372.jpg'),(1504,902,'image/reviews/1373.jpg'),(1505,903,'image/reviews/1374.jpg'),(1506,904,'image/reviews/1375.jpg'),(1507,904,'image/reviews/1376.jpg'),(1508,905,'image/reviews/1377.jpg'),(1509,906,'image/reviews/1378.jpg'),(1510,906,'image/reviews/1379.jpg'),(1511,907,'image/reviews/1380.jpg'),(1512,908,'image/reviews/1381.jpg'),(1513,908,'image/reviews/1382.jpg'),(1514,909,'image/reviews/1383.jpg'),(1515,910,'image/reviews/1384.jpg'),(1516,910,'image/reviews/1385.jpg'),(1517,911,'image/reviews/1386.jpg'),(1518,912,'image/reviews/1387.jpg'),(1519,912,'image/reviews/1388.jpg'),(1520,913,'image/reviews/1389.jpg'),(1521,914,'image/reviews/1390.jpg'),(1522,914,'image/reviews/1391.jpg'),(1523,915,'image/reviews/1392.jpg'),(1524,916,'image/reviews/1393.jpg'),(1525,916,'image/reviews/1394.jpg'),(1526,917,'image/reviews/1395.jpg'),(1527,918,'image/reviews/1396.jpg'),(1528,918,'image/reviews/1397.jpg'),(1529,919,'image/reviews/1398.jpg'),(1530,920,'image/reviews/1399.jpg'),(1531,920,'image/reviews/1400.jpg'),(1532,921,'image/reviews/1401.jpg'),(1533,922,'image/reviews/1402.jpg'),(1534,922,'image/reviews/1403.jpg'),(1535,923,'image/reviews/1404.jpg'),(1536,924,'image/reviews/1405.jpg'),(1537,924,'image/reviews/1406.jpg'),(1538,925,'image/reviews/1407.jpg'),(1539,926,'image/reviews/1408.jpg'),(1540,926,'image/reviews/1409.jpg'),(1541,927,'image/reviews/1410.jpg'),(1542,928,'image/reviews/1411.jpg'),(1543,928,'image/reviews/1412.jpg'),(1544,929,'image/reviews/1413.jpg'),(1545,930,'image/reviews/1414.jpg'),(1546,930,'image/reviews/1415.jpg'),(1547,931,'image/reviews/1416.jpg'),(1548,932,'image/reviews/1417.jpg'),(1549,932,'image/reviews/1418.jpg'),(1550,933,'image/reviews/1419.jpg'),(1551,934,'image/reviews/1420.jpg'),(1552,934,'image/reviews/1421.jpg'),(1553,935,'image/reviews/1422.jpg'),(1554,936,'image/reviews/1423.jpg'),(1555,936,'image/reviews/1424.jpg'),(1556,937,'image/reviews/1425.jpg'),(1557,938,'image/reviews/1426.jpg'),(1558,938,'image/reviews/1427.jpg'),(1559,939,'image/reviews/1428.jpg'),(1560,940,'image/reviews/1429.jpg'),(1561,940,'image/reviews/1430.jpg'),(1562,941,'image/reviews/1431.jpg'),(1563,942,'image/reviews/1432.jpg'),(1564,942,'image/reviews/1433.jpg'),(1565,943,'image/reviews/1434.jpg'),(1566,944,'image/reviews/1435.jpg'),(1567,944,'image/reviews/1436.jpg'),(1568,945,'image/reviews/1437.jpg'),(1569,946,'image/reviews/1438.jpg'),(1570,946,'image/reviews/1439.jpg'),(1571,947,'image/reviews/1440.jpg'),(1572,948,'image/reviews/1441.jpg'),(1573,948,'image/reviews/1442.jpg'),(1574,949,'image/reviews/1443.jpg'),(1575,950,'image/reviews/1444.jpg'),(1576,950,'image/reviews/1445.jpg'),(1577,951,'image/reviews/1446.jpg'),(1578,952,'image/reviews/1447.jpg'),(1579,952,'image/reviews/1448.jpg'),(1580,953,'image/reviews/1449.jpg'),(1581,954,'image/reviews/1450.jpg'),(1582,954,'image/reviews/1451.jpg'),(1583,955,'image/reviews/1452.jpg'),(1584,956,'image/reviews/1453.jpg'),(1585,956,'image/reviews/1454.jpg'),(1586,957,'image/reviews/1455.jpg'),(1587,958,'image/reviews/1456.jpg'),(1588,958,'image/reviews/1457.jpg'),(1589,959,'image/reviews/1458.jpg'),(1590,960,'image/reviews/1459.jpg'),(1591,960,'image/reviews/1460.jpg'),(1592,961,'image/reviews/1461.jpg'),(1593,962,'image/reviews/1462.jpg'),(1594,962,'image/reviews/1463.jpg'),(1595,963,'image/reviews/1464.jpg'),(1596,964,'image/reviews/1465.jpg'),(1597,964,'image/reviews/1466.jpg'),(1598,965,'image/reviews/1467.jpg'),(1599,966,'image/reviews/1468.jpg'),(1600,966,'image/reviews/1469.jpg'),(1601,967,'image/reviews/1470.jpg'),(1602,968,'image/reviews/1471.jpg'),(1603,968,'image/reviews/1472.jpg'),(1604,969,'image/reviews/1473.jpg'),(1605,970,'image/reviews/1474.jpg'),(1606,970,'image/reviews/1475.jpg'),(1607,971,'image/reviews/1476.jpg');
/*!40000 ALTER TABLE `reviewsimage` ENABLE KEYS */;
UNLOCK TABLES;

--
-- Table structure for table `shippinglinks`
--

DROP TABLE IF EXISTS `shippinglinks`;
/*!40101 SET @saved_cs_client     = @@character_set_client */;
/*!50503 SET character_set_client = utf8mb4 */;
CREATE TABLE `shippinglinks` (
  `link_id` int NOT NULL AUTO_INCREMENT,
  `provider_id` int NOT NULL,
  `product_id` int NOT NULL,
  PRIMARY KEY (`link_id`),
  KEY `provider_id` (`provider_id`),
  KEY `product_id` (`product_id`),
  CONSTRAINT `shippinglinks_ibfk_1` FOREIGN KEY (`provider_id`) REFERENCES `shippingproviders` (`provider_id`),
  CONSTRAINT `shippinglinks_ibfk_2` FOREIGN KEY (`product_id`) REFERENCES `products` (`product_id`)
) ENGINE=InnoDB AUTO_INCREMENT=399 DEFAULT CHARSET=utf8mb4 COLLATE=utf8mb4_0900_ai_ci;
/*!40101 SET character_set_client = @saved_cs_client */;

--
-- Dumping data for table `shippinglinks`
--

LOCK TABLES `shippinglinks` WRITE;
/*!40000 ALTER TABLE `shippinglinks` DISABLE KEYS */;
INSERT INTO `shippinglinks` VALUES (1,1,1),(2,2,1),(3,3,1),(4,2,2),(5,3,2),(6,3,3),(7,1,4),(8,2,4),(9,2,5),(10,3,5),(11,3,6),(12,1,6),(13,1,7),(14,2,7),(15,2,8),(16,3,8),(17,1,9),(18,3,9),(19,1,10),(20,2,10),(21,2,11),(22,3,11),(23,1,12),(24,3,12),(25,1,13),(26,2,13),(27,2,14),(28,3,14),(29,1,15),(30,3,15),(31,1,16),(32,2,17),(33,3,17),(34,1,18),(35,3,18),(36,1,19),(37,2,19),(38,1,20),(39,2,20),(40,2,21),(41,3,21),(42,1,22),(43,3,22),(44,1,23),(45,2,23),(46,2,24),(47,3,24),(48,1,25),(49,3,25),(50,1,26),(51,2,26),(52,2,27),(53,3,27),(54,1,28),(55,3,28),(56,1,29),(57,2,29),(58,2,30),(59,3,30),(60,1,31),(61,3,31),(62,1,32),(63,2,32),(64,2,33),(65,3,33),(66,1,34),(67,3,34),(68,1,35),(69,2,35),(70,2,36),(71,3,36),(72,1,37),(73,3,37),(74,1,38),(75,2,38),(76,2,39),(77,3,39),(78,1,40),(79,3,40),(80,1,41),(81,2,41),(82,2,42),(83,3,42),(84,1,43),(85,3,43),(86,1,44),(87,2,44),(88,2,45),(89,3,45),(90,1,46),(91,3,46),(92,1,47),(93,2,47),(94,2,48),(95,3,48),(96,1,49),(97,3,49),(98,1,50),(99,2,50),(100,2,51),(101,3,51),(102,1,52),(103,3,52),(104,1,53),(105,2,53),(106,2,54),(107,3,54),(108,1,55),(109,3,55),(110,1,56),(111,2,56),(112,2,57),(113,3,57),(114,1,58),(115,3,58),(116,1,59),(117,2,59),(118,2,60),(119,3,60),(120,1,61),(121,3,61),(122,1,62),(123,2,62),(124,2,63),(125,3,63),(126,1,64),(127,3,64),(128,1,65),(129,2,65),(130,2,66),(131,3,66),(132,1,67),(133,3,67),(134,1,68),(135,2,68),(136,2,69),(137,3,69),(138,1,70),(139,3,70),(140,1,71),(141,2,71),(142,2,72),(143,3,72),(144,1,73),(145,3,73),(146,1,74),(147,2,74),(148,2,75),(149,3,75),(150,1,76),(151,3,76),(152,1,77),(153,2,77),(154,2,78),(155,3,78),(156,1,79),(157,3,79),(158,1,80),(159,2,80),(160,2,81),(161,3,81),(162,1,82),(163,3,82),(164,1,83),(165,2,83),(166,2,84),(167,3,84),(168,1,85),(169,3,85),(170,1,86),(171,2,86),(172,2,87),(173,3,87),(174,1,88),(175,3,88),(176,1,89),(177,2,89),(178,2,90),(179,3,90),(180,1,91),(181,3,91),(182,1,92),(183,2,92),(184,2,93),(185,3,93),(186,1,94),(187,3,94),(188,1,95),(189,2,95),(190,2,96),(191,3,96),(192,1,97),(193,3,97),(194,1,98),(195,2,98),(196,2,99),(197,3,99),(198,1,100),(199,3,100),(200,1,101),(201,2,101),(202,2,102),(203,3,102),(204,1,103),(205,3,103),(206,1,104),(207,2,104),(208,2,105),(209,3,105),(210,1,106),(211,3,106),(212,1,107),(213,2,107),(214,2,108),(215,3,108),(216,1,109),(217,3,109),(218,1,110),(219,2,110),(220,2,111),(221,3,111),(222,1,112),(223,3,112),(224,1,113),(225,2,113),(226,2,114),(227,3,114),(228,1,115),(229,3,115),(230,1,116),(231,2,116),(232,2,117),(233,3,117),(234,1,118),(235,3,118),(236,1,119),(237,2,119),(238,2,120),(239,3,120),(240,1,121),(241,3,121),(242,1,122),(243,2,122),(244,2,123),(245,3,123),(246,1,124),(247,3,124),(248,1,125),(249,2,125),(250,2,126),(251,3,126),(252,1,127),(253,3,127),(254,1,128),(255,2,128),(256,2,129),(257,3,129),(258,1,130),(259,3,130),(260,1,131),(261,2,131),(262,2,132),(263,3,132),(264,1,133),(265,3,133),(266,1,134),(267,2,134),(268,2,135),(269,3,135),(270,1,136),(271,3,136),(272,1,137),(273,2,137),(274,2,138),(275,3,138),(276,1,139),(277,3,139),(278,1,140),(279,2,140),(280,2,141),(281,3,141),(282,1,142),(283,3,142),(284,1,143),(285,2,143),(286,2,144),(287,3,144),(288,1,145),(289,3,145),(290,1,146),(291,2,146),(292,2,147),(293,3,147),(294,1,148),(295,3,148),(296,1,149),(297,2,149),(298,2,150),(299,3,150),(300,1,151),(301,3,151),(302,1,152),(303,2,152),(304,2,153),(305,3,153),(306,1,154),(307,3,154),(308,1,155),(309,2,155),(310,2,156),(311,3,156),(312,1,157),(313,3,157),(314,1,158),(315,2,158),(316,2,159),(317,3,159),(318,1,160),(319,3,160),(320,1,161),(321,2,161),(322,2,162),(323,3,162),(324,1,163),(325,3,163),(326,1,164),(327,2,164),(328,2,165),(329,3,165),(330,1,166),(331,3,166),(332,1,167),(333,2,167),(334,2,168),(335,3,168),(336,1,169),(337,3,169),(338,1,170),(339,2,170),(340,2,171),(341,3,171),(342,1,172),(343,3,172),(344,1,173),(345,2,173),(346,2,174),(347,3,174),(348,1,175),(349,3,175),(350,1,176),(351,2,176),(352,2,177),(353,3,177),(354,1,178),(355,3,178),(356,1,179),(357,2,179),(358,2,180),(359,3,180),(360,1,181),(361,3,181),(362,1,182),(363,2,182),(364,2,183),(365,3,183),(366,1,184),(367,3,184),(368,1,185),(369,2,185),(370,2,186),(371,3,186),(372,1,187),(373,3,187),(374,1,188),(375,2,188),(376,2,189),(377,3,189),(378,1,190),(379,3,190),(380,1,191),(381,2,191),(382,2,192),(383,3,192),(384,1,193),(385,3,193),(386,1,194),(387,2,194),(388,3,194),(389,2,195),(390,3,195),(391,1,196),(392,3,196),(393,1,197),(394,2,197),(395,2,198),(396,3,198),(397,1,199),(398,2,199);
/*!40000 ALTER TABLE `shippinglinks` ENABLE KEYS */;
UNLOCK TABLES;

--
-- Table structure for table `shippingproviders`
--

DROP TABLE IF EXISTS `shippingproviders`;
/*!40101 SET @saved_cs_client     = @@character_set_client */;
/*!50503 SET character_set_client = utf8mb4 */;
CREATE TABLE `shippingproviders` (
  `provider_id` int NOT NULL AUTO_INCREMENT,
  `provider_name` varchar(100) NOT NULL,
  `contact_phone` varchar(20) DEFAULT NULL,
  PRIMARY KEY (`provider_id`)
) ENGINE=InnoDB AUTO_INCREMENT=4 DEFAULT CHARSET=utf8mb4 COLLATE=utf8mb4_0900_ai_ci;
/*!40101 SET character_set_client = @saved_cs_client */;

--
-- Dumping data for table `shippingproviders`
--

LOCK TABLES `shippingproviders` WRITE;
/*!40000 ALTER TABLE `shippingproviders` DISABLE KEYS */;
INSERT INTO `shippingproviders` VALUES (1,'Giao Hàng Nhanh','1900636677'),(2,'Viettel Post','19008095'),(3,'Ninja Van','1900886877');
/*!40000 ALTER TABLE `shippingproviders` ENABLE KEYS */;
UNLOCK TABLES;

--
-- Table structure for table `shippingservices`
--

DROP TABLE IF EXISTS `shippingservices`;
/*!40101 SET @saved_cs_client     = @@character_set_client */;
/*!50503 SET character_set_client = utf8mb4 */;
CREATE TABLE `shippingservices` (
  `service_id` int NOT NULL AUTO_INCREMENT,
  `provider_id` int NOT NULL,
  `fast_price` int NOT NULL,
  `default_price` int NOT NULL,
  `add_distance` int NOT NULL,
  PRIMARY KEY (`service_id`),
  KEY `provider_id` (`provider_id`),
  CONSTRAINT `shippingservices_ibfk_1` FOREIGN KEY (`provider_id`) REFERENCES `shippingproviders` (`provider_id`)
) ENGINE=InnoDB AUTO_INCREMENT=4 DEFAULT CHARSET=utf8mb4 COLLATE=utf8mb4_0900_ai_ci;
/*!40101 SET character_set_client = @saved_cs_client */;

--
-- Dumping data for table `shippingservices`
--

LOCK TABLES `shippingservices` WRITE;
/*!40000 ALTER TABLE `shippingservices` DISABLE KEYS */;
INSERT INTO `shippingservices` VALUES (1,1,30000,25000,5),(2,2,28000,23000,7),(3,3,26000,21000,10);
/*!40000 ALTER TABLE `shippingservices` ENABLE KEYS */;
UNLOCK TABLES;

--
-- Table structure for table `shops`
--

DROP TABLE IF EXISTS `shops`;
/*!40101 SET @saved_cs_client     = @@character_set_client */;
/*!50503 SET character_set_client = utf8mb4 */;
CREATE TABLE `shops` (
  `shop_id` int NOT NULL AUTO_INCREMENT,
  `user_id` int NOT NULL,
  `shop_name` varchar(100) NOT NULL,
  `shop_description` text,
  `shop_avatar_url` varchar(255) DEFAULT NULL,
  `shop_addr` text,
  `shop_revenue` int DEFAULT NULL,
  PRIMARY KEY (`shop_id`),
  KEY `user_id` (`user_id`),
  CONSTRAINT `shops_ibfk_1` FOREIGN KEY (`user_id`) REFERENCES `users` (`user_id`)
) ENGINE=InnoDB AUTO_INCREMENT=7 DEFAULT CHARSET=utf8mb4 COLLATE=utf8mb4_0900_ai_ci;
/*!40101 SET character_set_client = @saved_cs_client */;

--
-- Dumping data for table `shops`
--

LOCK TABLES `shops` WRITE;
/*!40000 ALTER TABLE `shops` DISABLE KEYS */;
INSERT INTO `shops` VALUES (1,1,'Duyên\'s Shop','Cửa hàng chuyên bán sản phẩm chất lượng','image/shops/1.jpg','Số 123, Đường ABC, Quận XYZ',50000000),(2,2,'Thanh\'s Store','Nơi mua sắm lý tưởng của bạn','image/shops/2.jpg','456 Đường DEF, Phường UVW',1500000),(3,3,'Hoa\'s Fashion','Thời trang nữ phong cách','image/shops/3.jpg','789 Đường GHI, Quận RST',800000),(4,4,'Tùng\'s Tech','Thiết bị điện tử chính hãng','image/shops/4.jpg','101 Lô JKL, Khu YYY',2200000),(5,5,'Mai\'s Corner','Đồ dùng gia đình tiện ích','image/shops/5.jpg','222 Đường MNO, Phường ZZZ',550000),(6,6,'Linh\'s Book','Thế giới sách đa dạng','image/shops/6.jpg','333 Đường PQR, Quận AAA',1100000);
/*!40000 ALTER TABLE `shops` ENABLE KEYS */;
UNLOCK TABLES;

--
-- Table structure for table `users`
--

DROP TABLE IF EXISTS `users`;
/*!40101 SET @saved_cs_client     = @@character_set_client */;
/*!50503 SET character_set_client = utf8mb4 */;
CREATE TABLE `users` (
  `user_id` int NOT NULL AUTO_INCREMENT,
  `username` varchar(50) NOT NULL,
  `password_hash` varchar(255) NOT NULL,
  `email` varchar(100) NOT NULL,
  `full_name` varchar(100) DEFAULT NULL,
  `gender` enum('male','female') DEFAULT NULL,
  `date_of_birth` date DEFAULT NULL,
  `avatar_url` varchar(255) DEFAULT NULL,
  `phone` varchar(20) DEFAULT NULL,
  `user_role` set('buyer','seller','shipper','admin') DEFAULT 'buyer',
  PRIMARY KEY (`user_id`),
  UNIQUE KEY `username` (`username`),
  UNIQUE KEY `email` (`email`)
) ENGINE=InnoDB AUTO_INCREMENT=21 DEFAULT CHARSET=utf8mb4 COLLATE=utf8mb4_0900_ai_ci;
/*!40101 SET character_set_client = @saved_cs_client */;

--
-- Dumping data for table `users`
--

LOCK TABLES `users` WRITE;
/*!40000 ALTER TABLE `users` DISABLE KEYS */;
INSERT INTO `users` VALUES (1,'duyen123','8660070369','duyen123@gmail.com','Đinh Ngọc Duyên','male','2004-10-28','image/avatars/1.jpg','0949733955','buyer,seller,admin'),(2,'ship123','5140710006','ship123@gmail.com','Nguyễn Văn Giao','male','1996-03-15','image/avatars/2.jpg','0944444444','shipper'),(3,'thanh456','6645384590','thanh456@gmail.com','Nguyễn Văn Thanh','male','1998-05-10','image/avatars/3.jpg','0901234567','buyer,seller'),(4,'hoa789','3082886910','hoa789@gmail.com','Lê Thị Hoa','female','2001-11-22','image/avatars/4.jpg','0911223344','buyer,seller'),(5,'tung1011','8547004281','tung1011@gmail.com','Trần Minh Tùng','male','1995-07-01','image/avatars/5.jpg','0922334455','buyer,seller'),(6,'mai1213','9613407960','mai1213@gmail.com','Phạm Thu Mai','female','2003-03-15','image/avatars/6.jpg','0933445566','buyer,seller'),(7,'linh1415','7796974590','linh1415@gmail.com','Hoàng Văn Linh','male','1997-09-30','image/avatars/7.jpg','0944556677','buyer,seller'),(8,'nmcnpm20242','5552305579','nmcnpm20242@example.com','Người Mua CNPM','male','2000-01-01','image/avatars/8.jpg','0123456789','buyer');
/*!40000 ALTER TABLE `users` ENABLE KEYS */;
UNLOCK TABLES;

--
-- Table structure for table `vouchers`
--

DROP TABLE IF EXISTS `vouchers`;
/*!40101 SET @saved_cs_client     = @@character_set_client */;
/*!50503 SET character_set_client = utf8mb4 */;
CREATE TABLE `vouchers` (
  `voucher_id` int NOT NULL AUTO_INCREMENT,
  `voucher_code` varchar(50) NOT NULL,
  `voucher_description` text,
  `discount_type` enum('percentage','fixed') NOT NULL,
  `discount_value` decimal(10,2) NOT NULL,
  `min_price` int NOT NULL,
  `start_date` date DEFAULT NULL,
  `end_date` date DEFAULT NULL,
  `max_usage` int DEFAULT NULL,
  `usage_count` int DEFAULT '0',
  `target_user_role` set('buyer','seller','all') DEFAULT 'all',
  PRIMARY KEY (`voucher_id`),
  UNIQUE KEY `voucher_code` (`voucher_code`)
) ENGINE=InnoDB AUTO_INCREMENT=21 DEFAULT CHARSET=utf8mb4 COLLATE=utf8mb4_0900_ai_ci;
/*!40101 SET character_set_client = @saved_cs_client */;

--
-- Dumping data for table `vouchers`
--

LOCK TABLES `vouchers` WRITE;
/*!40000 ALTER TABLE `vouchers` DISABLE KEYS */;
INSERT INTO `vouchers` VALUES (1,'GIAM10K','Giảm 10k cho đơn hàng đầu tiên','fixed',10000.00,0,'2024-01-01','2024-12-31',100,0,'buyer'),(2,'SALE20','Giảm 20% tối đa 50k','percentage',20.00,100000,'2024-01-15','2024-02-15',50,0,'buyer'),(3,'FREESHIP','Miễn phí vận chuyển đơn hàng > 200k','fixed',30000.00,200000,'2024-02-01','2024-03-31',30,0,'buyer'),(4,'VIP50','Giảm 50k cho thành viên VIP','fixed',50000.00,500000,'2024-03-01','2024-12-31',20,0,'buyer'),(5,'FLASH30','Giảm 30% trong khung giờ vàng','percentage',30.00,150000,'2024-03-10','2024-03-10',10,0,'buyer'),(6,'NEWYEAR24','Voucher Tết Nguyên Đán 2024','percentage',15.00,0,'2024-02-08','2024-02-14',100,0,'all'),(7,'BLACKFRIDAY','Voucher Black Friday','percentage',25.00,200000,'2024-11-29','2024-11-29',50,0,'all'),(8,'CHRISTMAS23','Voucher Giáng Sinh 2023','percentage',20.00,0,'2023-12-24','2023-12-25',80,0,'all'),(9,'SELLER10','Giảm 10% cho người bán mới','percentage',10.00,0,'2024-01-01','2024-03-31',20,0,'seller'),(10,'SHIP50K','Hỗ trợ 50k phí vận chuyển cho người bán','fixed',50000.00,300000,'2024-02-01','2024-04-30',15,0,'seller'),(11,'MUA1TANG1','Mua 1 tặng 1 (giảm giá sản phẩm rẻ nhất)','percentage',50.00,100000,'2024-05-01','2024-05-31',25,0,'buyer'),(12,'GIAM50KDON300K','Giảm 50k cho đơn hàng từ 300k','fixed',50000.00,300000,'2024-04-01','2024-04-30',40,0,'buyer'),(13,'SALEOFF15','Giảm giá 15% toàn bộ sản phẩm','percentage',15.00,0,'2024-06-01','2024-06-30',60,0,'all'),(14,'VOUCHERBACK','Hoàn tiền 10% cho đơn hàng','percentage',10.00,100000,'2024-07-01','2024-07-31',35,0,'buyer'),(15,'BIGSALE88','Siêu sale 8/8','percentage',30.00,0,'2024-08-08','2024-08-08',100,0,'all'),(16,'GIAITRIVUI','Voucher giải trí (phim, nhạc, game)','fixed',20000.00,50000,'2024-09-01','2024-09-30',15,0,'buyer'),(17,'SINNHATSHOP','Voucher sinh nhật shop','percentage',20.00,150000,'2024-10-01','2024-10-31',20,0,'all'),(18,'TETSUMVAY','Voucher sắm Tết','percentage',18.00,0,'2025-01-20','2025-02-05',120,0,'all'),(19,'HELLOSUMMER','Voucher chào hè','percentage',22.00,100000,'2024-05-15','2024-06-15',70,0,'all'),(20,'HAPPYWOMEN','Voucher ngày phụ nữ','percentage',20.00,0,'2025-03-08','2025-03-08',90,0,'all');
/*!40000 ALTER TABLE `vouchers` ENABLE KEYS */;
UNLOCK TABLES;

--
-- Dumping routines for database 'shopdb'
--
/*!40103 SET TIME_ZONE=@OLD_TIME_ZONE */;

/*!40101 SET SQL_MODE=@OLD_SQL_MODE */;
/*!40014 SET FOREIGN_KEY_CHECKS=@OLD_FOREIGN_KEY_CHECKS */;
/*!40014 SET UNIQUE_CHECKS=@OLD_UNIQUE_CHECKS */;
/*!40101 SET CHARACTER_SET_CLIENT=@OLD_CHARACTER_SET_CLIENT */;
/*!40101 SET CHARACTER_SET_RESULTS=@OLD_CHARACTER_SET_RESULTS */;
/*!40101 SET COLLATION_CONNECTION=@OLD_COLLATION_CONNECTION */;
/*!40111 SET SQL_NOTES=@OLD_SQL_NOTES */;

-- Dump completed on 2025-06-07  8:28:14
